1413,321,1
1036,876,1
729,-231,1
-480,627,1
422,-735,1
-80,0,0
1475,-82,1
-49,0,0
143,0,0
-160,-347,1
868,183,1
448,402,1
395,0,0
676,617,1
1218,569,1
-349,-192,1
-366,-506,1
388,0,0
670,-340,1
356,-786,1
-813,-194,1
-111,0,0
-807,-286,1
880,185,1
-181,-21,1
301,-4,1
480,2,1
210,1504,1
84,-809,1
664,0,0
-198,-84,1
-266,391,1
951,-265,1
-930,442,1
-449,563,1
-76,0,1
-718,66,1
983,-44,1
-355,0,0
-649,0,0
487,0,0
-147,-1164,1
-38,317,1
765,0,0
-375,0,0
-205,923,1
1004,-1665,1
412,-99,1
209,103,1
-340,0,0
541,0,0
317,0,0
175,0,0
-408,0,0
-481,-93,1
-192,42,1
-676,1300,1
976,-428,1
33,852,1
-73,377,1
489,-215,1
572,-287,1
21,927,1
186,-772,1
87,0,0
-466,0,0
952,741,1
-17,0,0
177,-584,1
-77,0,0
531,0,0
12,-863,1
-738,0,0
756,3,1
-276,-951,1
342,-412,1
718,0,0
-372,-590,1
39,453,1
-422,1070,1
-84,242,1
-812,-378,1
1448,-191,1
-1278,-88,1
-162,0,1
115,0,0
-62,495,1
-23,236,1
-5,209,1
766,215,1
477,-591,1
-484,0,0
230,815,1
-190,0,0
-118,0,0
-202,-874,1
-264,-918,1
-62,-32,1
74,0,0
-551,0,0
753,0,0
-146,0,0
-181,-614,1
-317,31,1
-45,0,0
-398,-688,1
218,0,0
-693,82,1
71,0,0
1138,576,1
38,0,0
-49,-341,1
222,54,1
508,0,0
293,0,0
343,548,1
874,-516,1
-760,391,1
-101,-184,1
122,0,0
111,0,0
308,-297,1
-113,0,0
220,268,1
-206,400,1
1042,-631,1
1742,-439,1
-135,0,0
-1246,-186,1
-54,73,1
-427,-30,1
-509,787,1
-419,937,1
-280,510,1
630,-245,1
-235,0,0
769,419,1
196,0,0
-478,-969,1
192,86,1
632,-542,1
-431,364,1
1455,228,1
-428,0,0
-425,0,0
280,-748,1
624,0,0
115,0,0
-821,477,1
-208,518,1
162,-572,1
50,-473,1
22,0,0
-180,-252,1
-396,-560,1
336,0,0
660,-495,1
119,0,0
840,-600,1
-955,231,1
71,283,1
-588,838,1
-1409,198,1
-527,-23,1
-30,-555,1
528,-298,1
312,695,1
-581,-222,1
-388,-333,1
-57,0,0
-182,-929,1
243,-582,1
770,-632,1
548,0,0
-1220,-661,1
-276,0,0
470,165,1
31,-482,1
-778,-33,1
-548,666,1
-394,472,1
-754,840,1
-111,0,0
47,-171,1
1079,104,1
-448,449,1
-125,0,0
442,0,0
-414,0,0
148,0,0
-1085,0,0
-638,0,0
-459,-820,1
-366,-432,1
1081,-236,1
-160,0,0
-551,48,1
560,0,0
-89,-341,1
-427,534,1
360,-607,1
-1193,-118,1
161,0,0
421,0,0
292,358,1
195,0,0
536,-1328,1
-906,-281,1
79,0,0
63,150,1
-442,235,1
180,395,1
1038,1429,1
437,0,0
-496,368,1
-347,-334,1
973,792,1
-507,-214,1
134,38,1
774,-91,1
640,-1044,1
-931,81,1
-197,1223,1
-175,166,1
451,548,1
-834,-131,1
216,0,0
-1491,155,1
700,1062,1
38,-190,1
-911,-259,1
-10,4,1
-404,-178,1
266,0,0
-826,450,1
-245,143,1
-76,705,1
-134,-122,1
120,-270,1
-359,-215,1
-1165,243,1
-879,-451,1
-396,964,1
858,41,1
-31,-342,1
284,0,0
-186,-364,1
-464,-85,1
697,-472,1
-202,-60,1
-459,309,1
-226,622,1
383,443,1
-581,-24,1
-199,-123,1
389,0,0
-192,0,0
-742,0,0
233,281,1
975,29,1
-328,-887,1
1349,-461,1
-157,0,0
-196,438,1
-802,446,1
213,-44,1
372,0,0
-1489,-474,1
280,149,1
-731,0,0
-108,0,0
527,-444,1
-385,262,1
-352,-285,1
-1383,-354,1
909,-698,1
805,29,1
-492,101,1
696,0,0
-250,-122,1
411,-351,1
925,165,1
-363,0,0
-75,0,0
295,821,1
363,276,1
-58,628,1
-159,347,1
-123,-357,1
994,-1250,1
-99,0,0
-288,0,0
-400,0,0
204,1007,1
-1364,-845,1
-550,280,1
-742,313,1
-290,0,0
-516,480,1
-232,289,1
751,0,0
-733,0,0
-68,460,1
-906,-118,1
683,388,1
-523,132,1
1317,1087,1
582,-258,1
1081,60,1
-227,0,0
-138,-232,1
262,0,0
-181,-1196,1
259,0,0
-344,483,1
-164,-644,1
1088,0,0
311,114,1
647,-328,1
377,-1338,1
-192,181,1
746,-1050,1
228,-336,1
-254,0,0
246,0,0
585,-594,1
-706,933,1
194,588,1
-489,0,0
-301,-637,1
540,0,0
-183,-59,1
378,502,1
-1022,0,0
-699,413,1
-179,133,1
700,-536,1
-125,466,1
337,-381,1
-215,756,1
-432,0,0
7,0,0
-697,-198,1
417,0,0
-259,-75,1
-42,-471,1
-189,0,0
-94,-835,1
444,-7,1
-502,-950,1
974,645,1
-19,115,1
-231,-1133,1
-459,-171,1
-241,1104,1
288,0,0
-1101,-428,1
1094,0,0
407,0,0
-161,694,1
821,-1136,1
-40,515,1
17,0,0
-24,221,1
-132,-475,1
40,0,0
-190,-60,1
752,0,0
-98,0,0
-305,-38,1
606,70,1
-399,0,0
-759,0,0
167,0,0
399,-455,1
190,0,0
40,0,0
-397,-41,1
-258,-171,1
-957,-623,1
60,0,0
852,485,1
412,0,0
-646,0,0
1072,985,1
-266,-410,1
-398,185,1
226,0,0
848,-86,1
-432,316,1
-70,0,0
-34,-173,1
12,20,1
436,512,1
81,0,0
508,101,1
358,178,1
656,-799,1
-1573,240,1
-113,0,0
-252,0,0
987,290,1
444,0,0
1206,-804,1
-1023,-178,1
-599,500,1
464,0,0
-709,636,1
428,0,0
1311,803,1
1111,0,0
-59,0,0
-523,599,1
671,545,1
962,515,1
-375,0,0
-1297,345,1
-211,0,0
-327,1086,1
-511,1118,1
287,292,1
333,-640,1
370,29,1
419,484,1
247,0,0
138,0,0
238,0,0
380,0,0
131,0,0
467,0,0
-3,0,0
-433,0,0
754,442,1
417,933,1
7,-869,1
350,0,0
309,532,1
512,547,1
-264,0,0
-23,573,1
10,425,1
256,-295,1
-371,467,1
83,0,0
128,0,0
-179,0,0
-286,-173,1
-515,338,1
239,1048,1
-532,109,1
-193,0,0
-23,0,0
731,0,0
-518,230,1
-1315,544,1
81,1113,1
395,881,1
-250,0,0
227,-752,1
522,832,1
401,-146,1
-58,0,0
293,-156,1
-311,1378,1
330,0,0
213,-540,1
-324,0,0
-543,0,0
587,-1259,1
49,1146,1
120,238,1
-202,0,0
-509,541,1
-1057,-454,1
-50,0,0
-778,0,0
-920,105,1
549,-203,1
-327,0,0
-633,0,0
-77,0,0
216,0,0
-449,1057,1
80,503,1
273,0,0
134,76,1
982,0,0
1150,286,1
361,0,0
937,-474,1
-1086,0,0
-91,764,1
-176,0,0
-86,0,0
192,-818,1
362,-83,1
-345,534,1
-75,0,0
-257,-574,1
-1567,724,1
-386,611,1
1,444,1
-618,324,1
63,0,0
-309,238,1
-2,134,1
-1238,-160,1
-347,0,0
-358,0,0
-429,34,1
484,769,1
872,0,0
-408,0,0
565,0,0
-53,-269,1
-425,-1066,1
140,0,0
-32,0,0
385,283,1
1165,667,1
-140,0,0
861,0,0
-316,0,0
-288,-488,1
264,18,1
184,0,0
-551,0,0
127,0,0
349,0,0
649,-341,1
736,-871,1
-1203,-316,1
-346,0,0
-234,0,0
-218,448,1
104,289,1
-29,-662,1
-1496,841,1
-784,-227,1
74,0,0
244,245,1
447,429,1
179,-609,1
663,1034,1
751,0,0
612,-537,1
-1412,-826,1
-161,-307,1
-319,0,0
312,625,1
1449,724,1
103,0,0
413,0,0
289,0,0
19,647,1
-1328,331,1
31,0,0
-276,-619,1
-253,0,0
-30,0,0
-555,-51,1
513,-546,1
97,-1554,1
-715,100,1
-8,-198,1
-141,0,0
-380,0,0
50,-103,1
1107,81,1
-234,0,0
1068,440,1
-71,-333,1
-198,0,0
169,0,0
135,0,0
-644,-53,1
-340,0,0
-1442,486,1
54,0,0
-396,0,0
-609,0,0
-206,0,0
-267,1072,1
-618,-797,1
688,-366,1
-145,0,0
-538,0,0
467,0,0
293,0,0
-29,0,0
-43,0,0
-777,507,1
-785,0,0
-597,176,1
274,0,0
-637,264,1
-520,0,0
-806,0,0
998,-190,1
210,0,0
-145,0,0
36,-6,1
-746,0,0
814,0,0
200,-686,1
160,0,0
195,679,1
311,0,0
-638,-452,1
-648,0,0
514,0,0
498,-239,1
-508,-429,1
145,-720,1
643,0,0
513,246,1
266,95,1
-1791,979,1
-234,630,1
1295,340,1
556,375,1
9,-549,1
-190,-646,1
-557,0,0
160,0,0
-1484,-393,1
245,-880,1
-819,-903,1
98,0,0
-413,437,1
-685,-298,1
-280,1180,1
-439,0,0
-394,0,0
925,16,1
134,0,0
-372,63,1
-390,0,0
-789,-664,1
-1005,-330,1
-571,-107,1
348,0,0
-999,234,1
587,-48,1
-117,-82,1
585,0,0
-110,394,1
600,264,1
-403,0,0
-1111,575,1
419,62,1
337,0,0
119,0,0
846,1292,1
-752,-14,1
794,-604,1
255,-385,1
572,71,1
301,0,0
-392,0,0
-179,0,0
-622,594,1
821,-424,1
1289,103,1
-101,32,1
758,1140,1
53,-964,1
611,0,0
-413,0,0
-348,382,1
-13,-561,1
275,0,0
376,0,0
333,-48,1
-560,833,1
-652,0,0
-9,0,0
654,391,1
-343,0,0
91,0,0
-72,0,0
654,-382,1
276,-182,1
-1557,-65,1
499,0,0
707,694,1
645,-281,1
-25,904,1
-181,132,1
242,0,0
-643,-534,1
-153,-515,1
69,660,1
-286,1297,1
167,85,1
343,171,1
-1401,680,1
-209,-112,1
-49,0,0
667,-810,1
160,0,0
294,-894,1
-228,329,1
-1216,1265,1
-1137,368,1
-70,0,0
199,632,1
-234,0,0
-205,69,1
105,-132,1
-323,-256,1
-19,0,0
695,-537,1
181,-116,1
-377,-184,1
793,-119,1
-99,-194,1
293,628,1
-372,-286,1
-555,31,1
-728,-35,1
-18,0,0
318,607,1
-400,0,0
-134,-289,1
-787,-312,1
1314,-14,1
-4,-491,1
-208,597,1
988,-454,1
126,-440,1
1152,478,1
-624,0,0
-99,0,0
221,-529,1
260,673,1
431,42,1
214,0,0
33,476,1
-565,-561,1
-816,739,1
121,-1466,1
-811,-684,1
259,-108,1
539,0,0
466,0,0
634,-1246,1
-517,179,1
-33,-86,1
524,-925,1
501,0,0
-13,1042,1
-944,-1027,1
-286,648,1
-159,171,1
-176,0,0
-506,-294,1
-312,241,1
-234,374,1
9,588,1
-88,-40,1
-698,194,1
-450,146,1
828,550,1
882,28,1
1016,-1026,1
-375,325,1
872,-430,1
-302,817,1
124,421,1
581,495,1
-34,-100,1
-144,-576,1
-1128,410,1
-809,121,1
-856,-783,1
-64,-217,1
-749,-209,1
-191,-337,1
-648,201,1
120,758,1
-1098,240,1
138,1336,1
-911,1247,1
-309,0,0
531,172,1
-57,245,1
189,-462,1
-207,0,0
-294,-780,1
-416,1171,1
-864,-1050,1
823,0,0
-906,0,0
61,279,1
19,-868,1
-220,-137,1
-650,-460,1
-365,0,0
85,698,1
1023,-158,1
-90,18,1
-81,0,0
-11,263,1
168,-1164,1
929,-367,1
-461,0,0
543,401,1
671,-702,1
-32,168,1
633,519,1
-67,-276,1
-219,42,1
-348,106,1
-98,539,1
669,-1393,1
753,-324,1
5,-764,1
-537,0,0
108,-269,1
-34,-546,1
73,291,1
-968,215,1
-70,651,1
-30,-449,1
254,13,1
-742,-539,1
190,961,1
816,0,0
607,341,1
-718,393,1
409,853,1
903,-211,1
161,1069,1
-161,-382,1
334,725,1
-549,-243,1
133,322,1
-577,-889,1
-463,-524,1
390,109,1
-3,1184,1
-1216,220,1
-926,-848,1
382,0,0
-270,-845,1
-619,1343,1
609,-84,1
36,-637,1
584,846,1
1299,-84,1
475,-197,1
663,-144,1
-317,-1066,1
238,1304,1
-368,-568,1
280,39,1
-120,843,1
434,0,0
1190,-342,1
385,0,0
-478,468,1
-347,-36,1
-60,-1047,1
-174,622,1
-951,-200,1
-103,-297,1
-174,-176,1
-843,-1739,1
-384,566,1
-27,0,0
504,-641,1
-212,-1145,1
464,-778,1
1063,755,1
478,105,1
-418,0,0
89,-452,1
-74,-882,1
-92,1260,1
-902,928,1
206,50,1
-411,-338,1
-38,0,0
-600,-277,1
-232,522,1
-131,0,0
995,0,0
-293,-76,1
-385,-334,1
660,0,0
153,-891,1
-817,41,1
524,0,0
-1675,45,1
-280,-486,1
1064,954,1
-127,353,1
-1496,-849,1
-1217,-817,1
198,-149,1
-360,-406,1
-154,0,0
142,206,1
-1411,-364,1
903,-738,1
635,0,0
391,-620,1
-48,-647,1
-145,-863,1
-331,-262,1
-335,0,0
-493,-63,1
-78,-509,1
1062,263,1
-469,-677,1
1112,483,1
-696,-167,1
-23,0,0
-627,-836,1
367,0,0
144,-764,1
-171,0,0
453,525,1
723,984,1
-225,335,1
494,593,1
-629,-950,1
-755,1100,1
252,-642,1
-381,0,0
661,136,1
46,0,0
1014,-721,1
97,-881,1
-1021,-428,1
-1072,1157,1
0,0,0
469,0,0
-653,-608,1
10,701,1
-519,474,1
742,194,1
139,-434,1
-994,-1042,1
-447,161,1
-276,-129,1
-139,-610,1
-684,246,1
-1079,0,0
-904,0,0
566,0,0
765,0,0
73,261,1
-465,29,1
-351,244,1
48,938,1
371,-400,1
1197,0,0
743,1160,1
581,139,1
-90,-555,1
-771,-283,1
-623,0,0
598,95,1
679,363,1
555,0,0
-46,204,1
-855,1120,1
-466,0,0
969,-107,1
214,-67,1
-104,-535,1
-44,-830,1
9,94,1
410,36,1
-328,-492,1
-54,0,0
-813,-158,1
578,195,1
729,-609,1
-400,847,1
594,487,1
576,-1030,1
364,-1322,1
31,-207,1
730,0,0
1273,-419,1
-1127,-235,1
266,-419,1
294,0,0
-629,0,0
75,-580,1
-515,50,1
-1062,-1005,1
-555,-665,1
313,617,1
45,438,1
-153,254,1
723,-1023,1
4,302,1
360,495,1
466,692,1
449,-471,1
1626,622,1
1463,487,1
942,-745,1
349,0,0
758,413,1
70,0,0
275,0,0
-133,546,1
960,-149,1
479,-90,1
957,316,1
7,-597,1
938,784,1
57,0,0
-170,-1068,1
-215,-203,1
181,0,0
184,950,1
-667,953,1
-229,0,0
-864,2,1
94,1450,1
-311,-714,1
-295,-991,1
2,-733,1
-57,-624,1
495,-524,1
-410,1379,1
415,560,1
549,57,1
-237,-773,1
-132,-175,1
541,403,1
-511,433,1
-288,754,1
107,-238,1
1714,-441,1
32,42,1
-718,160,1
-437,-422,1
-412,-28,1
79,0,0
-1200,259,1
340,0,0
358,0,0
-1111,713,1
-505,676,1
-1306,-798,1
40,1079,1
-351,-499,1
338,0,0
-367,0,0
485,-538,1
373,332,1
827,0,0
506,-374,1
-10,406,1
-119,300,1
159,0,0
-260,0,0
-502,28,1
-611,-607,1
688,1195,1
-446,-551,1
-555,-247,1
79,-112,1
469,153,1
-1323,-461,1
995,-284,1
-745,-440,1
220,1130,1
598,-535,1
-513,-164,1
902,-216,1
151,0,0
-230,919,1
779,110,1
438,-169,1
292,538,1
294,199,1
50,670,1
277,213,1
-450,-72,1
85,0,0
-531,1173,1
96,0,0
-18,-384,1
1575,-1240,1
-547,0,0
92,352,1
228,0,0
885,58,1
78,-170,1
151,94,1
680,-1212,1
-371,-723,1
550,-533,1
260,-1019,1
-1486,-58,1
605,31,1
-260,24,1
-369,360,1
359,0,0
135,-468,1
-1338,-504,1
-128,228,1
-158,0,0
-148,-1361,1
-1549,-728,1
-848,0,0
-28,0,0
1081,548,1
493,322,1
336,447,1
872,0,0
473,-966,1
-1139,-145,1
534,281,1
942,-324,1
-445,74,1
-164,1157,1
515,485,1
202,-161,1
378,0,0
742,-80,1
1349,908,1
87,268,1
-155,-93,1
711,-218,1
187,-19,1
102,-573,1
-335,427,1
283,-492,1
353,-323,1
400,320,1
351,0,0
296,443,1
99,0,0
-216,244,1
-473,1107,1
182,0,0
106,497,1
729,-201,1
345,0,0
-362,509,1
1156,527,1
-43,-224,1
-575,57,1
1844,-90,1
-7,-45,1
39,-217,1
-809,-983,1
116,0,0
-917,711,1
526,490,1
-537,738,1
112,0,0
-83,-2,1
-219,-60,1
119,0,0
-1035,84,1
865,-196,1
-133,-283,1
-160,139,1
-289,-13,1
-258,0,0
-171,84,1
-365,-921,1
294,-711,1
-710,-923,1
285,1487,1
-85,-97,1
-61,87,1
-198,366,1
-140,-795,1
453,-547,1
-162,0,0
20,-1071,1
-150,-186,1
-1131,807,1
174,-737,1
294,534,1
617,-37,1
-633,0,0
300,-110,1
372,0,0
175,-127,1
-230,0,0
958,829,1
765,-210,1
407,696,1
-832,-1030,1
459,-44,1
-661,133,1
128,-524,1
662,1020,1
7,-534,1
114,0,0
-932,67,1
224,0,0
-200,41,1
117,508,1
-41,621,1
826,11,1
-131,0,0
-157,0,0
-317,0,0
-489,0,0
-356,-1135,1
-353,314,1
-59,0,0
-366,0,0
586,-442,1
74,0,0
-1150,-411,1
-398,0,0
-730,1431,1
-396,397,1
-1187,-730,1
-1146,-1276,1
-27,-108,1
-122,-213,1
308,1197,1
-71,0,0
-270,-58,1
-157,-630,1
-5,0,0
101,0,0
266,51,1
-1133,0,0
-637,780,1
230,-234,1
208,-194,1
302,0,0
-95,88,1
227,-250,1
-735,0,0
656,0,0
560,0,0
656,-19,1
-590,0,0
456,987,1
-36,-518,1
-183,-891,1
-374,0,0
1154,-425,1
-177,-475,1
1126,492,1
511,0,0
162,-1482,1
647,-288,1
0,-126,1
315,-97,1
-635,102,1
130,0,0
1818,1102,1
-837,661,1
520,0,0
904,-806,1
-501,-20,1
-403,0,0
-179,-115,1
-663,505,1
-527,446,1
10,0,0
-76,294,1
179,0,0
-807,527,1
-135,0,0
47,0,0
-320,253,1
-416,-10,1
424,0,0
-76,278,1
392,40,1
340,0,0
-318,-269,1
-666,0,0
317,-627,1
348,0,0
661,-45,1
23,0,0
-804,-305,1
-499,210,1
-520,583,1
-430,0,0
-385,645,1
1094,-396,1
-45,0,0
92,0,0
119,-1523,1
-544,654,1
-455,637,1
-1263,-98,1
301,-92,1
29,0,0
2048,71,1
-60,1054,1
-109,272,1
110,113,1
398,-1316,1
-541,-245,1
193,0,0
-98,0,0
127,774,1
-1010,306,1
339,0,0
-534,355,1
-238,-130,1
-327,-119,1
-101,0,0
-24,-895,1
906,-501,1
-952,-98,1
212,283,1
-767,-495,1
354,-356,1
29,506,1
643,-973,1
609,-450,1
-244,-273,1
248,-1514,1
-121,14,1
-1213,-1258,1
884,-59,1
-366,-400,1
422,135,1
275,-43,1
322,-468,1
-1678,-68,1
756,193,1
-417,348,1
-453,-69,1
-143,1302,1
-595,450,1
-300,-487,1
634,734,1
122,0,0
-576,836,1
1600,195,1
-502,-523,1
110,218,1
-10,0,0
-38,-491,1
-338,656,1
-1089,-1263,1
-249,-28,1
442,419,1
-1203,-148,1
1225,320,1
-1207,-170,1
-704,0,0
-683,717,1
506,505,1
765,339,1
1140,-348,1
-268,864,1
233,732,1
658,1495,1
104,379,1
-324,518,1
-99,-781,1
-362,-561,1
-986,-544,1
-834,-851,1
736,-512,1
194,376,1
2,-63,1
-711,26,1
246,-78,1
-193,-871,1
545,514,1
806,0,0
693,550,1
-686,120,1
-442,55,1
-762,0,0
857,0,0
910,1210,1
361,0,0
-782,-495,1
41,-243,1
150,-554,1
-660,-168,1
640,-577,1
1074,102,1
-85,0,0
149,747,1
-45,0,0
-746,-406,1
-1348,0,0
679,203,1
496,-305,1
-550,0,0
-848,-270,1
121,0,0
-156,31,1
955,0,0
247,349,1
-266,-132,1
329,764,1
-34,-818,1
406,0,0
-1005,-236,1
-55,102,1
77,0,0
150,0,0
192,0,0
193,410,1
-1231,824,1
1260,517,1
-1,-808,1
-181,39,1
73,227,1
-987,-352,1
-505,307,1
-396,-1271,1
-43,-274,1
808,624,1
283,219,1
-811,-835,1
1648,733,1
459,0,0
468,-815,1
-118,-670,1
406,-1252,1
-663,-106,1
420,-33,1
1053,-874,1
-1482,584,1
-161,-485,1
-555,-446,1
642,0,0
-611,-109,1
574,701,1
286,1255,1
-178,445,1
-623,409,1
-219,368,1
557,0,0
-1181,0,0
-20,764,1
-416,0,0
171,467,1
157,-127,1
21,-323,1
-1779,-743,1
-1550,-434,1
-401,408,1
-645,-583,1
555,-651,1
315,982,1
-1467,-351,1
217,-887,1
1121,82,1
620,-52,1
1107,-485,1
-1035,0,0
-408,-181,1
1674,-1562,1
-1167,659,1
-1632,-59,1
150,689,1
542,844,1
-238,0,0
-1015,0,0
-712,-638,1
-980,0,0
-336,0,0
366,269,1
1059,75,1
-635,0,0
903,304,1
228,0,0
-1021,190,1
580,384,1
763,150,1
-256,362,1
447,0,0
-235,562,1
249,463,1
579,769,1
269,227,1
-779,402,1
119,0,0
654,0,0
274,12,1
-105,-629,1
-850,-1183,1
-279,-180,1
716,-359,1
-488,801,1
-151,0,0
-150,161,1
-689,-247,1
161,226,1
137,-293,1
-934,-516,1
716,-216,1
332,891,1
414,0,0
161,-354,1
-41,532,1
115,-393,1
789,381,1
412,0,0
-800,1334,1
617,-820,1
-468,0,0
-1125,-250,1
-79,-144,1
-282,492,1
535,-1183,1
92,125,1
-280,-68,1
316,-1399,1
-191,1007,1
204,-84,1
-81,769,1
165,0,0
-239,879,1
-979,393,1
475,719,1
467,621,1
441,-716,1
-312,0,0
605,518,1
-645,119,1
-134,630,1
-222,1000,1
610,-483,1
29,8,1
346,0,0
470,5,1
-351,232,1
-122,256,1
591,-587,1
343,1108,1
453,83,1
580,468,1
-410,389,1
650,-1079,1
952,475,1
571,117,1
-55,755,1
-167,-626,1
401,0,0
-826,35,1
661,0,0
-448,-1018,1
-619,222,1
336,66,1
-616,196,1
1257,0,0
-988,-564,1
61,835,1
-178,0,0
-218,469,1
365,348,1
-629,-580,1
18,-714,1
827,442,1
479,277,1
219,-25,1
50,361,1
-705,692,1
441,-549,1
-790,843,1
-424,695,1
267,-171,1
314,-245,1
31,-502,1
-405,0,0
-475,-904,1
-1608,-633,1
-314,-1349,1
-542,273,1
-654,343,1
202,562,1
-192,0,0
-597,0,0
514,0,0
851,-48,1
-872,-351,1
653,-523,1
-566,-482,1
281,511,1
-251,0,0
-21,-101,1
-718,-372,1
-812,358,1
468,-17,1
414,483,1
7,-180,1
532,69,1
-40,140,1
-84,699,1
696,-55,1
-498,-915,1
-1412,-235,1
-10,-138,1
-711,0,0
122,-381,1
-63,-762,1
1118,-525,1
-316,443,1
-97,-39,1
282,-467,1
-201,221,1
934,-1445,1
-1593,-447,1
-230,-309,1
-113,177,1
80,0,0
-764,-497,1
112,554,1
-24,635,1
-149,-737,1
-75,-202,1
-724,438,1
1050,359,1
182,137,1
252,0,0
289,167,1
213,-313,1
798,401,1
-920,457,1
272,828,1
201,0,0
-198,0,0
406,-542,1
161,-189,1
-331,-670,1
-1117,1047,1
-27,0,0
-116,-5,1
192,0,0
1078,432,1
385,345,1
609,368,1
-680,0,0
-43,0,0
338,-350,1
-491,-508,1
760,0,0
66,0,0
26,1027,1
1743,-691,1
720,-120,1
-381,0,0
-284,0,0
-451,-650,1
-401,-419,1
654,-830,1
-768,-95,1
153,0,0
-860,-1021,1
543,429,1
-761,1224,1
-31,0,0
-500,-197,1
577,0,0
214,109,1
1300,-274,1
763,381,1
-71,1157,1
1214,483,1
-1364,258,1
-484,-175,1
1822,-1149,1
981,13,1
-322,-766,1
727,0,0
-849,0,0
926,397,1
-242,-1032,1
-815,0,0
604,-8,1
-304,-617,1
813,0,0
-355,-563,1
-145,0,0
344,-241,1
951,-414,1
736,-129,1
-19,514,1
-1141,-11,1
865,23,1
-13,-1262,1
307,272,1
349,-738,1
-623,-751,1
-476,0,0
256,-467,1
374,849,1
816,0,0
190,295,1
-983,172,1
158,-90,1
-163,-682,1
-882,-339,1
-34,-419,1
-596,327,1
-162,0,0
332,0,0
-276,-39,1
813,0,0
-1319,-708,1
739,-101,1
-188,0,0
842,-510,1
-44,914,1
261,-389,1
38,149,1
-165,236,1
223,0,0
-976,-312,1
103,907,1
20,320,1
1766,-89,1
-526,0,0
-808,1238,1
279,-117,1
420,364,1
-853,-283,1
-66,-459,1
379,0,0
716,1471,1
220,-26,1
1299,0,0
-1,34,1
1,163,1
73,0,0
50,-413,1
-73,42,1
-567,362,1
-143,121,1
-96,0,0
-1218,-679,1
1725,-436,1
-991,-839,1
-647,119,1
297,449,1
490,0,0
-6,133,1
131,0,0
270,478,1
-513,173,1
189,1328,1
738,-536,1
-303,145,1
835,-914,1
-1398,-599,1
339,-180,1
-756,-405,1
777,-809,1
331,-444,1
276,0,0
19,-651,1
-395,121,1
365,0,0
-738,351,1
870,0,0
994,1179,1
136,480,1
-507,-124,1
779,-84,1
-458,-133,1
-703,-1091,1
143,448,1
-234,0,0
-494,723,1
54,-55,1
-498,0,0
-354,667,1
-178,-734,1
553,-209,1
443,353,1
338,-551,1
637,-646,1
-1182,626,1
-604,0,0
-308,0,0
275,-800,1
531,-913,1
-366,-673,1
106,-401,1
-446,155,1
153,-226,1
-438,-18,1
1484,-817,1
-351,615,1
-134,-465,1
92,400,1
-114,-570,1
-540,-577,1
163,-1080,1
-457,0,0
-181,-505,1
884,400,1
143,-972,1
859,549,1
-124,-146,1
-508,716,1
-409,-3,1
332,0,0
-506,-311,1
-548,-548,1
-742,-121,1
-1278,1013,1
-735,448,1
550,-790,1
381,0,0
-827,164,1
-148,-144,1
-778,-787,1
156,412,1
252,310,1
-66,-167,1
55,0,0
-1302,-481,1
42,-104,1
1423,563,1
-700,306,1
-149,-253,1
-116,-166,1
-302,734,1
-631,-718,1
208,143,1
468,-257,1
861,-551,1
227,-800,1
-466,0,0
275,-631,1
-38,-561,1
-446,-515,1
-89,198,1
454,-448,1
-140,296,1
-200,10,1
563,16,1
-594,-109,1
-460,0,0
560,174,1
649,0,0
-230,-581,1
-627,-770,1
611,0,0
71,165,1
-1601,778,1
574,0,1
-1309,-583,1
-1886,-236,1
577,0,0
12,0,0
499,-100,1
-1488,358,1
-380,372,1
190,-1,1
-699,-297,1
52,187,1
-810,0,0
-368,0,0
368,0,0
309,54,1
-50,1169,1
265,-847,1
20,-82,1
-763,-45,1
-364,-413,1
913,-806,1
114,0,0
-281,0,0
968,-1046,1
457,718,1
715,-307,1
-1241,47,1
996,0,0
351,-1059,1
-20,0,0
337,-537,1
315,96,1
540,-512,1
-875,439,1
590,-689,1
674,-343,1
562,706,1
953,600,1
-1025,192,1
-229,147,1
126,-165,1
823,532,1
29,-210,1
38,0,0
382,0,0
208,-304,1
-27,775,1
-157,476,1
120,1700,1
-481,270,1
1232,689,1
-399,0,0
-232,0,0
-306,233,1
-360,0,0
1130,-161,1
1118,800,1
-689,-276,1
128,-869,1
-421,0,0
-149,-1038,1
511,953,1
1414,840,1
-270,521,1
520,28,1
-50,0,0
542,0,0
-358,-725,1
-213,552,1
-310,-742,1
-1323,121,1
1330,991,1
-1,-315,1
-693,370,1
245,0,0
-950,0,0
-408,0,0
732,-438,1
-421,0,0
-799,785,1
122,1359,1
-391,-159,1
349,-1172,1
369,-401,1
0,356,1
-135,581,1
1658,-433,1
-145,-211,1
-903,-125,1
-283,0,0
63,-1165,1
268,207,1
1192,141,1
-582,265,1
852,-544,1
71,0,0
-596,0,0
189,-380,1
-1107,-463,1
559,406,1
140,0,0
-538,37,1
-378,-576,1
403,129,1
-230,872,1
-193,-331,1
984,-176,1
-1131,519,1
-264,0,0
-1043,-442,1
-368,0,0
-214,0,0
182,90,1
-40,310,1
398,-89,1
-840,25,1
-585,0,0
-377,25,1
50,303,1
-585,993,1
-420,-259,1
621,386,1
-316,804,1
39,0,0
99,-719,1
872,-1855,1
-411,160,1
-338,16,1
757,66,1
348,1410,1
-398,232,1
-469,-727,1
202,-328,1
313,-124,1
667,-74,1
495,253,1
-601,-325,1
-56,0,0
22,398,1
68,191,1
-542,-326,1
571,356,1
-687,187,1
-271,460,1
-109,384,1
-472,-593,1
223,-704,1
-175,0,0
-938,44,1
359,-853,1
782,-225,1
987,4,1
-560,-89,1
230,0,0
-97,-778,1
-1224,440,1
-763,408,1
249,382,1
-584,-347,1
-382,1106,1
-1337,676,1
-976,227,1
-653,-582,1
-924,190,1
632,0,0
535,0,0
-210,-660,1
40,0,0
-496,332,1
553,-1020,1
-342,-47,1
348,0,0
-486,-320,1
740,0,0
1950,-527,1
-400,398,1
268,0,0
-606,449,1
-732,145,1
-170,499,1
214,0,0
35,0,0
14,0,0
-1577,-1590,1
25,159,1
496,131,1
-193,0,0
116,-204,1
562,103,1
-895,929,1
-161,0,0
577,-170,1
-21,0,0
553,0,0
258,0,0
655,0,0
856,0,0
-683,-582,1
580,0,0
-238,0,0
-860,-249,1
-97,0,0
199,-1169,1
701,-675,1
517,663,1
-456,-57,1
85,0,0
-386,0,0
-39,0,0
321,588,1
514,0,0
82,577,1
-530,0,0
-196,-402,1
-1619,351,1
-119,0,0
73,0,0
202,0,0
-718,707,1
145,0,0
-201,0,0
-529,-487,1
137,-347,1
-239,0,0
-409,0,0
-638,0,0
-474,0,0
-457,-323,1
473,-2,1
-169,0,0
-1078,33,1
224,218,1
-123,0,0
-351,0,0
-528,0,0
-196,98,1
664,585,1
479,0,0
26,324,1
409,-460,1
968,0,0
106,0,0
310,-648,1
-3,0,0
141,0,0
1298,74,1
-530,0,0
-538,0,0
897,0,0
878,0,0
240,0,0
-370,52,1
162,-84,1
-646,0,0
-439,0,0
730,0,0
479,-326,1
403,209,1
1553,-920,1
-546,360,1
106,58,1
68,0,0
-748,-741,1
-323,0,0
186,484,1
640,371,1
558,-232,1
1186,-211,1
290,0,0
219,-118,1
941,0,0
-59,0,0
203,0,0
-494,0,0
-839,0,0
-995,821,1
-512,234,1
-585,380,1
492,1219,1
268,939,1
319,0,0
-651,301,1
420,-607,1
340,0,0
-194,0,0
497,261,1
179,804,1
410,-214,1
-147,0,0
-599,-657,1
-846,-106,1
-1157,856,1
283,0,0
-552,0,0
57,0,0
105,0,0
-19,0,0
551,172,1
99,0,0
-370,34,1
243,0,0
282,0,0
-531,0,0
377,819,1
30,0,0
-82,-276,1
231,1,1
-427,214,1
682,0,0
-167,0,0
-358,87,1
95,0,0
-464,0,1
356,0,0
123,0,0
-223,0,0
198,944,1
-94,0,0
-411,0,0
960,-139,1
478,749,1
-312,0,0
281,0,0
-31,0,0
-217,541,1
-1054,221,1
360,-325,1
209,0,0
176,0,0
-1468,-333,1
121,0,0
611,-1070,1
-161,0,0
-723,944,1
925,-1594,1
-1047,189,1
785,0,0
-1263,0,0
-257,0,0
720,0,0
-1062,-376,1
79,694,1
-465,663,1
310,57,1
-177,140,1
-548,324,1
-468,436,1
-253,1101,1
835,0,0
121,242,1
192,0,0
-409,-157,1
-281,-405,1
880,-492,1
407,-749,1
-920,0,0
234,0,0
362,-244,1
608,0,0
674,0,0
-232,0,0
240,0,0
-379,0,0
378,-477,1
507,0,0
216,-269,1
658,-143,1
-994,0,0
188,0,0
81,0,0
334,0,0
586,0,0
79,0,0
-268,-434,1
230,0,0
-341,0,0
-1139,-95,1
-646,-100,1
339,-923,1
332,0,0
685,-1080,1
-302,0,0
329,0,0
-377,0,0
457,-1173,1
-30,346,1
-699,0,0
135,0,0
70,304,1
-493,-444,1
-222,0,0
130,0,0
-276,0,0
457,0,0
270,809,1
367,-103,1
-364,0,0
891,603,1
556,0,0
-748,0,0
1203,0,0
-252,-252,1
1298,-695,1
403,-67,1
1377,222,1
238,0,0
-1202,0,0
-274,-721,1
887,-576,1
-221,0,0
540,0,0
-590,0,0
-330,-705,1
-250,-834,1
-284,828,1
-615,0,0
236,0,0
-1333,-184,1
1015,783,1
-316,0,0
-53,259,1
-101,-845,1
113,0,0
455,0,0
414,809,1
332,0,0
-76,76,1
-469,0,0
286,0,0
-105,343,1
-168,243,1
46,0,0
84,0,0
-670,1225,1
625,-603,1
427,-142,1
-658,0,0
-200,0,0
-474,257,1
-170,0,0
109,0,0
-223,-75,1
-1833,381,1
326,0,0
-679,768,1
173,0,0
-220,0,0
312,0,0
-22,0,0
-171,0,0
-65,833,1
100,0,0
-139,-751,1
729,0,0
946,0,0
-654,0,0
-751,787,1
-74,608,1
-71,0,0
-193,0,0
-499,-567,1
450,0,0
260,0,0
-728,444,1
134,52,1
738,0,0
-602,-922,1
-21,-365,1
-202,645,1
354,0,0
1043,1268,1
-404,-456,1
-1721,-110,1
139,0,0
326,554,1
-55,285,1
142,0,0
192,0,0
-502,0,0
974,0,0
14,0,0
-267,0,0
-23,0,0
145,0,0
-474,0,0
626,-94,1
-378,0,0
-111,0,0
181,-552,1
42,0,0
-224,0,0
472,-44,1
57,-30,1
346,0,0
-143,602,1
-367,0,0
-844,-223,1
-817,752,1
39,0,0
117,0,0
-220,0,0
-522,-84,1
-525,86,1
532,0,0
162,0,0
-245,0,0
-72,-239,1
-496,-160,1
-114,0,0
-337,0,0
73,0,0
-608,0,0
136,0,0
685,214,1
16,0,0
351,-214,1
236,102,1
207,0,0
-1100,0,0
-411,0,0
-184,0,0
255,0,0
194,0,0
-1074,565,1
412,-540,1
-529,-526,1
-181,0,0
371,0,0
-407,0,0
-234,0,0
-484,0,0
-585,0,0
-88,0,0
-1025,-269,1
-797,426,1
258,0,0
-212,0,0
1131,-6,1
124,0,0
-196,0,0
557,-380,1
767,0,0
442,279,1
331,498,1
-85,0,0
-145,77,1
1451,-239,1
440,-220,1
1073,0,0
347,-633,1
293,0,0
504,-933,1
991,240,1
-446,-534,1
566,-132,1
-285,0,0
-217,0,0
38,0,0
813,6,1
-70,0,0
-540,0,0
7,0,0
-228,0,0
-697,0,0
-223,0,0
-850,-192,1
-265,0,0
630,100,1
237,701,1
-8,0,0
-431,0,0
-92,0,0
1079,0,0
-288,0,0
-200,0,0
-339,0,0
70,0,0
-570,-539,1
499,382,1
374,-213,1
-893,0,0
260,0,0
405,0,0
-473,210,1
757,0,0
-451,0,0
-8,-468,1
-653,0,0
-606,0,0
-160,0,0
-798,0,0
-51,0,0
14,-1205,1
-573,-449,1
-175,0,0
-70,508,1
-296,0,0
-461,588,1
-97,55,1
189,-307,1
-867,0,0
-175,-355,1
446,0,0
205,258,1
223,0,0
282,-277,1
145,0,0
303,0,0
888,-936,1
711,0,0
150,-653,1
-316,0,0
-90,0,0
-935,0,0
-675,-795,1
64,0,0
-337,0,0
-543,87,1
924,-1343,1
307,0,0
23,1135,1
221,0,0
626,0,0
355,-575,1
893,54,1
167,600,1
-1224,0,0
78,0,0
-105,-451,1
1111,-780,1
329,0,0
-338,-266,1
-456,-130,1
-104,0,0
-514,0,0
136,1016,1
357,0,0
57,-950,1
-279,0,0
-175,0,0
162,0,0
-350,-560,1
-793,1249,1
269,0,0
585,0,0
1255,233,1
1,0,0
689,0,0
-110,0,0
257,0,0
89,0,0
698,-855,1
522,463,1
91,-367,1
319,0,0
-640,318,1
-849,-12,1
-226,-45,1
129,-42,1
34,0,0
321,270,1
158,0,0
203,0,0
1758,84,1
631,0,0
76,918,1
-178,534,1
498,0,0
-266,409,1
89,-256,1
300,-1191,1
-639,0,0
-50,-462,1
-465,0,0
534,0,0
883,436,1
166,668,1
-160,0,0
460,0,0
-272,-137,1
773,-376,1
-8,0,0
-1267,729,1
-248,0,0
-166,0,0
-129,-211,1
234,0,0
0,0,0
479,0,0
592,0,0
-225,0,0
595,272,1
-368,0,0
-950,0,0
-599,31,1
-518,0,0
-377,-548,1
211,0,0
578,-687,1
54,-385,1
-165,-401,1
1096,99,1
-124,0,0
500,384,1
-49,0,0
108,-313,1
435,0,0
-344,0,0
-532,584,1
-566,-1253,1
621,-83,1
-1768,-457,1
656,-147,1
745,-324,1
140,821,1
-236,0,0
-643,0,0
301,-518,1
-9,-578,1
-7,-60,1
65,0,0
968,0,0
389,0,0
171,0,0
-181,0,0
-11,0,0
450,0,0
-595,-259,1
404,217,1
925,0,0
-602,769,1
509,386,1
-697,0,0
358,443,1
36,0,0
1046,539,1
169,0,0
143,-136,1
-18,0,0
560,0,0
554,0,0
123,590,1
-485,0,0
250,-442,1
122,0,0
748,-73,1
362,0,0
773,0,0
749,30,1
-937,1039,1
-267,701,1
708,-367,1
367,460,1
-267,-240,1
-1558,-779,1
21,0,0
-285,0,0
359,0,0
-631,0,0
175,-158,1
118,0,0
-67,0,0
-1141,0,0
-820,0,0
694,-561,1
831,709,1
-107,0,0
-872,0,0
775,651,1
104,260,1
-1158,416,1
-984,-233,1
442,0,0
716,0,0
-262,0,0
550,0,0
-26,0,0
595,0,0
1012,0,0
506,0,0
-1683,98,1
-537,0,0
218,-344,1
-803,476,1
240,0,0
713,623,1
394,-1359,1
245,418,1
-639,1155,1
-656,295,1
-81,-78,1
298,708,1
1387,-219,1
101,787,1
-77,-467,1
-294,0,0
29,-17,1
-1034,-481,1
-364,0,0
136,0,0
-79,0,0
567,0,0
-329,0,0
26,-20,1
-338,0,0
357,0,0
-33,0,0
-253,7,1
-263,-215,1
1120,-1050,1
-611,-34,1
202,527,1
252,335,1
-324,0,0
-599,248,1
-442,180,1
549,0,0
576,0,0
216,0,0
-284,-114,1
266,-134,1
506,-593,1
308,82,1
676,0,0
177,226,1
116,0,0
268,0,0
-188,0,0
-667,-111,1
897,-606,1
-67,921,1
-32,-1028,1
37,0,0
-623,762,1
287,468,1
-979,-633,1
-81,539,1
161,0,0
33,845,1
453,-91,1
-652,0,0
-64,299,1
-543,0,0
559,777,1
-274,0,0
116,-352,1
1545,-1186,1
85,0,0
320,-723,1
210,0,0
-409,741,1
-715,-405,1
-478,1310,1
-583,0,0
-42,131,1
-395,0,0
-380,105,1
119,0,0
-350,0,0
-357,0,0
811,0,0
152,-174,1
299,0,0
-19,322,1
215,427,1
236,0,0
-215,0,0
981,-592,1
129,-1115,1
1060,0,0
-227,-207,1
822,0,0
47,0,0
-753,0,0
-266,0,0
88,0,0
167,0,0
-730,-586,1
-380,-513,1
203,557,1
-62,489,1
420,0,0
95,-257,1
-14,0,0
507,0,0
-537,0,0
-658,503,1
39,0,0
317,0,0
620,-1823,1
-126,0,0
-71,0,0
340,0,0
742,-331,1
-24,971,1
187,0,0
1002,626,1
202,0,0
-743,0,0
-618,544,1
155,0,0
-29,0,0
-781,1352,1
-145,0,0
-1018,510,1
-1379,0,0
-457,-334,1
1057,0,0
214,0,0
450,0,0
-306,0,0
272,0,0
201,-659,1
280,0,0
-40,0,0
1185,417,1
273,699,1
40,90,1
-474,-802,1
564,0,0
488,0,0
-642,0,0
-322,501,1
344,-232,1
-434,0,0
182,0,0
122,-407,1
-856,-538,1
549,-1466,1
-15,0,0
1367,839,1
-57,0,0
-654,0,0
-597,0,0
488,110,1
46,-445,1
440,0,0
278,-321,1
-525,130,1
-89,-220,1
-20,0,0
606,0,0
187,0,0
-866,216,1
-95,0,0
548,753,1
568,-1280,1
615,0,0
168,0,0
426,0,0
242,-279,1
156,0,0
261,67,1
154,370,1
869,0,0
537,469,1
-383,0,0
-870,0,0
56,0,0
412,0,0
-103,0,0
102,0,0
579,0,0
-315,0,0
50,-455,1
90,0,0
348,0,0
-102,0,0
171,0,0
-980,0,0
885,0,0
229,0,0
1144,0,0
784,517,1
132,0,0
375,0,0
-664,189,1
994,557,1
150,0,0
481,554,1
18,0,0
-22,529,1
561,0,0
-235,788,1
-554,0,0
-298,0,0
145,-551,1
481,-801,1
-92,-107,1
-606,303,1
-133,0,0
649,0,0
-861,-10,1
-555,0,0
962,0,0
130,0,0
42,304,1
-280,-827,1
1127,-552,1
197,-36,1
342,0,0
278,808,1
1345,-332,1
-768,175,1
-193,745,1
363,1108,1
-689,437,1
-176,0,0
-13,0,0
374,-716,1
218,-149,1
-301,0,0
-3,0,0
-667,0,0
-940,466,1
-855,463,1
-296,0,0
454,0,0
72,-197,1
-961,535,1
115,0,0
1050,-30,1
-794,0,0
-458,0,0
96,0,0
19,0,0
-242,0,0
234,790,1
-876,-112,1
657,84,1
-224,-283,1
-326,0,0
378,193,1
318,0,0
439,0,0
773,-419,1
-1074,1223,1
18,-1399,1
-349,0,0
24,0,0
-21,0,0
347,0,0
63,0,0
-157,0,0
-103,0,0
101,622,1
-221,0,0
-516,959,1
11,223,1
-67,0,0
-194,0,0
-205,0,0
-54,0,0
-124,-3,1
1145,846,1
211,0,0
165,-326,1
-203,0,0
-99,-239,1
176,0,0
-350,0,0
1003,-1005,1
-174,0,0
-1132,1196,1
-451,-104,1
105,-472,1
42,415,1
135,0,0
-125,0,0
393,0,0
246,0,0
-592,-200,1
95,0,0
77,0,0
-563,0,0
-751,-176,1
931,0,0
153,-24,1
261,0,0
1081,-843,1
140,161,1
688,0,0
-1000,469,1
615,0,0
-547,164,1
-161,0,0
49,0,0
594,0,0
-787,0,0
174,0,0
428,0,0
-74,0,0
618,0,0
-364,0,0
1012,262,1
150,0,0
-472,0,0
-951,0,0
-1855,-729,1
-495,-229,1
-78,-515,1
91,-341,1
-363,0,0
-156,0,0
540,75,1
-697,705,1
131,-153,1
75,-487,1
-447,0,0
-536,0,0
360,-476,1
-621,-556,1
176,0,0
-521,0,0
894,0,0
487,-204,1
-253,779,1
-731,18,1
-253,0,0
-269,0,0
-133,23,1
109,-151,1
383,335,1
-904,0,0
-6,0,0
67,995,1
-359,0,0
-1015,-53,1
661,117,1
-561,0,0
-551,0,0
193,0,0
387,-666,1
610,-1376,1
24,0,0
-219,-110,1
-1141,744,1
-89,0,0
-99,0,0
-94,123,1
-87,0,0
-726,0,0
-18,0,0
-23,0,0
84,0,0
-74,0,0
184,0,0
-137,0,0
320,0,0
-318,0,0
825,-1042,1
-187,0,0
-333,0,0
-810,-224,1
116,0,0
466,-171,1
1352,-382,1
255,0,0
-557,0,0
-10,827,1
1,0,0
98,32,1
-832,0,0
489,938,1
-687,0,0
526,-251,1
-131,0,0
31,0,0
130,-577,1
-111,0,0
-305,-580,1
240,0,0
-677,0,0
647,0,0
-59,0,0
-37,0,0
396,0,0
-821,-99,1
905,0,0
36,0,0
-571,141,1
-415,-946,1
-216,0,0
-130,0,0
-619,352,1
-496,0,0
299,1794,1
-995,-263,1
-346,0,0
294,0,0
-123,388,1
79,0,0
91,155,1
-374,0,0
572,-798,1
-1424,324,1
-10,0,0
-736,0,0
521,0,0
-96,489,1
-271,0,0
-595,0,0
-260,-880,1
552,0,0
88,0,0
640,0,0
-89,0,0
-158,0,0
247,0,0
-661,0,0
-671,-777,1
31,0,0
-962,489,1
404,0,0
-218,0,0
85,243,1
-654,0,0
-707,0,0
291,-649,1
426,-616,1
-18,0,0
-637,0,0
810,0,0
900,402,1
25,-581,1
688,0,0
-146,90,1
-342,0,0
555,177,1
-662,0,0
-1096,0,0
-134,0,0
35,-674,1
1328,0,0
880,143,1
-84,0,0
412,0,0
-563,0,0
-14,-1102,1
-592,199,1
560,0,0
-87,0,0
406,0,0
368,0,0
10,0,0
-535,0,0
-293,0,0
-246,0,0
-57,0,0
-650,0,0
192,0,0
804,0,0
403,225,1
-587,179,1
280,0,0
743,0,0
-501,0,0
218,0,0
-561,-180,1
-457,0,0
-196,0,0
205,0,0
-496,0,0
148,0,0
-289,0,0
405,-28,1
-157,-141,1
-637,-673,1
283,0,0
-336,-943,1
-83,330,1
-595,0,0
-1039,-1313,1
499,0,0
84,0,0
-677,0,0
149,0,0
-208,0,0
167,0,0
-348,0,0
-242,0,0
-911,564,1
-690,0,0
118,0,0
-335,0,0
527,0,0
99,0,0
412,0,0
251,0,0
-197,0,0
-340,0,0
214,0,0
327,0,0
56,0,0
-1143,-1300,1
-207,0,0
-1127,-206,1
-1110,226,1
597,0,0
484,0,0
296,0,0
592,0,0
695,0,0
298,0,0
340,0,0
-513,0,0
-373,0,0
116,0,0
503,0,0
-1145,-251,1
-810,0,0
-217,0,0
169,0,0
131,0,0
23,0,0
-657,-710,1
-350,0,0
72,0,0
-555,0,0
89,0,0
87,0,0
218,567,1
117,0,0
257,0,0
-328,-669,1
63,0,0
-114,0,0
379,0,0
8,0,0
792,-619,1
958,0,0
-38,0,0
135,0,0
-115,0,0
-35,0,0
549,0,0
-122,-879,1
201,-870,1
849,0,0
519,0,0
74,0,0
120,0,0
-225,0,0
-626,442,1
209,0,0
47,-534,1
-376,0,0
-249,0,0
536,0,0
433,0,0
676,-122,1
-512,0,0
1063,164,1
1035,0,0
-165,0,0
-17,0,0
-1487,253,1
525,198,1
-37,0,0
-255,0,0
584,0,0
-142,703,1
-241,0,0
-226,0,0
514,0,0
502,0,0
819,451,1
23,0,0
-279,0,0
-267,0,0
-1227,0,0
-670,0,0
427,0,0
-30,0,0
85,-1,1
-815,480,1
-1421,0,0
-381,0,0
-1717,0,0
575,0,0
55,0,0
-661,-293,1
485,0,0
440,0,0
88,0,0
-55,371,1
574,0,0
-281,0,0
-475,47,1
467,0,0
50,0,0
-152,0,0
-496,0,0
-322,0,0
-588,0,0
-406,-46,1
814,0,0
409,180,1
406,0,0
358,0,0
-141,0,0
148,0,0
-130,47,1
1027,0,0
-683,289,1
114,0,0
-651,-836,1
415,0,0
-514,0,0
540,0,0
-770,0,0
-732,0,0
-248,0,0
-928,0,0
249,0,0
767,0,0
536,0,0
1353,31,1
152,0,0
-335,-299,1
-109,0,0
-581,56,1
-753,0,0
-508,0,0
-205,0,0
373,887,1
-823,0,0
-84,-40,1
884,0,0
-82,0,0
-20,0,0
914,-128,1
-146,0,0
-201,0,0
-108,0,0
536,0,0
-299,606,1
-77,0,0
541,0,0
-367,0,0
-116,0,0
-406,0,0
153,0,0
136,0,0
-294,0,0
219,0,0
-325,0,0
-952,0,0
-376,1824,1
-516,246,1
1106,-565,1
-395,0,0
-69,0,0
-307,0,0
314,0,0
-124,0,0
-347,0,0
-335,1137,1
469,0,0
-240,0,0
444,0,0
499,0,0
110,0,0
-548,0,0
-92,0,0
-223,0,0
32,240,1
-14,0,0
119,-41,1
-375,0,0
-536,0,0
-296,0,0
712,564,1
741,0,0
144,0,0
668,0,0
-31,-523,1
-608,0,0
-248,0,0
-537,0,0
-792,0,0
1031,-256,1
-180,0,0
486,0,0
704,0,0
-472,0,0
-741,0,0
74,-142,1
1004,0,0
-102,0,0
-328,0,0
5,0,0
-496,0,0
100,681,1
-816,0,0
-146,0,0
587,0,0
-85,0,0
-304,338,1
-13,0,0
-166,0,0
-719,0,0
219,0,0
-371,0,0
56,-77,1
200,0,0
689,0,0
-207,0,0
-83,0,0
-754,0,0
225,0,0
654,224,1
-49,64,1
-206,0,0
-67,0,0
-1,0,0
-620,0,0
25,0,0
410,0,0
488,619,1
197,0,0
654,0,0
768,0,0
-302,0,0
-184,-41,1
159,0,0
-458,0,0
87,0,0
192,0,0
282,0,0
-248,0,0
-192,0,0
-483,0,0
-92,-305,1
-1143,1515,1
204,0,0
-694,0,0
423,0,0
-556,514,1
-154,-948,1
447,0,0
845,-669,1
232,0,0
-492,0,0
86,0,0
-285,0,0
93,0,0
-92,0,0
612,414,1
-838,134,1
-220,0,0
815,462,1
-933,0,0
593,0,0
-968,42,1
-247,0,0
887,362,1
674,-318,1
-558,0,0
-362,0,0
-720,0,0
-132,-1056,1
-350,0,0
139,-723,1
-376,0,0
623,0,0
563,0,0
-45,0,0
-601,-693,1
594,0,0
314,-263,1
-135,0,0
-454,0,0
-420,0,0
-344,0,0
-293,41,1
-82,0,0
-812,-238,1
137,0,0
411,-862,1
-383,0,0
34,0,0
-185,-684,1
113,0,0
-470,0,0
-118,0,0
62,0,0
415,0,0
-32,0,0
57,0,0
-146,0,0
479,0,0
237,-111,1
-188,0,0
365,0,0
-266,0,0
-1066,123,1
-769,0,0
153,0,0
-153,690,1
472,0,0
402,0,0
146,0,0
-703,2048,1
-397,0,0
21,0,0
220,-549,1
-16,0,0
226,0,0
313,0,0
154,0,0
-976,76,1
42,0,0
196,0,0
-574,0,0
-587,0,0
358,137,1
991,1660,1
162,-41,1
295,0,0
91,0,0
1,0,0
-1107,0,0
225,0,0
-118,752,1
601,1329,1
-525,0,0
364,0,0
216,0,0
285,-878,1
126,132,1
-647,-260,1
110,65,1
-32,0,0
-685,0,0
737,0,0
-1348,377,1
-396,0,0
-98,0,0
-106,0,0
-399,-30,1
-715,0,0
-163,0,0
-236,0,0
-281,0,0
115,0,0
113,0,0
987,0,0
-628,581,1
594,0,0
-384,0,0
-492,0,0
-417,113,1
-608,0,0
31,0,0
-1682,-127,1
105,-331,1
-410,0,0
-18,0,0
879,0,0
798,0,0
422,-760,1
18,0,0
184,0,0
-132,304,1
-15,450,1
691,-658,1
194,127,1
354,0,0
-124,126,1
215,0,0
147,0,0
635,0,0
-789,0,0
-869,0,0
-134,0,0
260,0,0
-305,0,0
-809,-443,1
-28,183,1
140,0,0
212,0,0
320,517,1
-273,0,0
-34,0,0
101,0,0
324,-1101,1
70,0,0
-217,0,0
272,-376,1
63,280,1
97,0,0
31,-85,1
-476,0,0
-134,370,1
-101,0,0
-449,0,0
265,0,0
840,-211,1
659,629,1
-494,0,0
66,0,0
1009,555,1
77,-671,1
784,0,0
273,0,0
-497,-565,1
-58,323,1
269,0,0
5,0,0
-691,0,0
-245,0,0
-315,0,0
451,-616,1
219,0,0
424,0,0
-56,0,0
-266,-620,1
-512,0,0
-817,0,0
176,0,0
-332,-748,1
7,0,0
1081,0,0
594,-439,1
-398,0,0
-295,0,0
-174,0,0
778,80,1
24,0,0
101,0,0
391,0,0
162,0,0
-508,0,0
376,0,0
-595,0,0
609,0,0
-443,0,0
224,0,0
218,0,0
-537,122,1
400,0,0
-213,-647,1
-569,0,0
255,454,1
-68,0,0
-485,0,0
335,0,0
268,0,0
247,0,0
587,0,0
432,-419,1
556,0,0
420,0,0
182,0,0
-255,0,0
459,0,0
-608,0,0
380,0,0
1011,-245,1
128,0,0
-800,0,0
-894,72,1
605,0,0
623,574,1
349,0,0
-1640,-611,1
-298,0,0
-659,0,0
-33,-375,1
650,0,0
-130,0,0
345,0,0
139,0,0
52,0,0
-123,662,1
201,0,0
456,0,0
-131,0,0
350,0,0
-235,0,0
-238,0,0
142,0,0
186,112,1
15,0,0
-171,0,0
-1169,0,0
-577,0,0
-520,0,0
941,0,0
340,-189,1
91,0,0
-375,-286,1
-452,0,0
-914,555,1
-207,-315,1
-620,0,0
103,714,1
809,0,0
580,0,0
-1,0,0
161,0,0
51,-340,1
-676,0,0
609,1002,1
-359,0,0
91,0,0
-1062,323,1
-231,0,0
-169,-1372,1
-229,-287,1
60,0,0
200,0,0
-117,0,0
426,0,0
-625,-795,1
79,0,0
627,-309,1
454,0,0
-1620,256,1
-393,0,0
88,0,0
-5,299,1
-57,0,0
318,0,0
13,0,0
-665,0,0
83,433,1
-21,335,1
-309,0,0
514,-93,1
213,0,0
55,0,0
96,0,0
-439,0,0
988,0,0
-201,0,0
-542,0,0
177,0,0
-177,616,1
73,0,0
74,0,0
569,0,0
1061,-299,1
-559,0,0
498,0,0
-1102,-438,1
-496,0,0
676,-88,1
23,0,0
159,0,0
-134,0,0
-832,0,0
452,307,1
31,0,0
1050,0,0
910,-158,1
-217,0,0
-151,0,0
-570,-286,1
-313,249,1
-1353,422,1
-378,0,0
339,0,0
1,0,0
224,0,0
242,0,0
644,0,0
39,568,1
-787,-373,1
-91,0,0
215,0,0
-680,-595,1
144,0,0
-505,0,0
-557,0,0
147,0,0
736,0,0
-622,0,0
-570,0,0
405,-116,1
299,-126,1
689,0,0
-338,0,0
1055,-347,1
205,0,0
-274,0,0
7,0,0
40,0,0
-839,-224,1
-427,-238,1
128,357,1
-208,0,0
441,0,0
-356,0,0
-11,0,0
-171,975,1
-245,86,1
574,0,0
-355,0,0
280,0,0
199,0,0
50,0,0
-704,-1182,1
61,0,0
-658,-100,1
140,-549,1
-123,0,0
435,0,0
-228,0,0
207,-593,1
442,0,0
929,-597,1
305,-1291,1
-106,0,0
421,855,1
-564,0,0
-981,-553,1
-251,0,0
-783,0,0
831,0,0
163,0,0
233,0,0
-290,-695,1
583,0,0
801,-36,1
217,0,0
-674,0,0
536,0,0
306,338,1
-258,0,0
456,0,0
-697,0,0
-305,0,0
-27,0,0
-858,-460,1
-943,677,1
241,0,0
-805,-121,1
-705,0,0
252,0,0
-381,0,0
208,0,0
-479,0,0
101,-150,1
74,0,0
-460,0,0
-355,0,0
0,0,0
143,0,0
-358,-524,1
-1185,0,0
171,0,0
-5,0,0
-65,0,0
226,0,0
373,0,0
39,-437,1
190,418,1
597,0,0
748,-468,1
191,0,0
63,0,0
995,-97,1
475,203,1
90,-187,1
-898,870,1
-282,0,0
-5,0,0
-671,0,0
-368,0,0
-927,-746,1
-328,0,0
1030,377,1
343,330,1
651,0,0
-290,0,0
129,0,0
-1098,0,0
-202,393,1
-352,-210,1
-288,0,0
133,0,0
-290,0,0
594,0,0
552,0,0
11,0,0
135,0,0
-723,278,1
-140,852,1
59,0,0
142,0,0
87,0,0
976,-136,1
324,0,0
665,0,0
-64,459,1
-38,0,0
-622,0,0
-634,0,0
-260,0,0
-139,0,0
457,0,0
66,90,1
956,722,1
-972,0,0
-274,0,0
-96,124,1
-173,266,1
185,0,0
967,0,0
-825,0,0
128,0,0
422,0,0
259,0,0
703,-232,1
131,0,0
-1078,0,0
-836,668,1
-28,0,0
-510,-479,1
249,-182,1
-204,0,0
599,0,0
110,-987,1
-323,0,0
509,0,0
-579,0,0
-564,291,1
509,0,0
-760,0,0
-662,0,0
-699,332,1
269,-95,1
632,0,0
-71,-3,1
-206,0,0
-334,654,1
16,0,0
183,0,0
-183,534,1
781,0,0
1075,681,1
-43,52,1
-42,-180,1
247,1165,1
328,0,0
-714,62,1
-606,0,0
476,0,0
-128,0,0
-447,0,0
-206,-164,1
-383,291,1
-776,-18,1
-21,0,0
208,126,1
-456,291,1
-184,0,0
-340,0,0
-258,0,0
-745,-259,1
-61,1152,1
334,0,0
-423,0,0
990,0,0
345,0,0
-200,371,1
419,0,0
865,0,0
201,-243,1
318,0,0
952,396,1
252,0,0
316,0,0
-485,0,0
-99,0,0
296,0,0
537,35,1
-41,0,0
1017,-214,1
733,-529,1
-378,0,0
-96,0,0
488,0,0
187,0,0
-124,0,0
17,189,1
297,-675,1
245,0,0
799,0,0
605,0,0
95,0,0
102,750,1
254,20,1
756,-397,1
438,0,0
672,0,0
381,0,0
537,-827,1
-196,0,0
-241,0,0
-150,0,0
-467,0,0
-242,0,0
413,381,1
440,0,0
-1129,0,0
-31,-835,1
393,0,0
144,0,0
802,0,0
151,-485,1
-588,-712,1
-187,0,0
343,0,0
431,0,0
-221,0,0
-418,0,0
110,431,1
527,0,0
-237,0,0
-842,0,0
-85,-199,1
72,607,1
123,-61,1
-508,0,0
-26,-361,1
254,0,0
-523,557,1
406,0,0
479,5,1
-927,0,0
-247,0,0
-221,0,0
-810,0,0
336,-893,1
132,0,0
926,14,1
76,0,0
-104,0,0
513,-700,1
-675,91,1
-11,0,0
-733,-434,1
-1193,532,1
-152,0,0
-152,0,0
-1165,0,0
-386,0,0
-272,0,0
-640,0,0
370,-341,1
935,0,0
-223,-157,1
629,0,0
-80,-709,1
207,0,0
217,0,0
205,0,0
-33,0,0
-227,0,0
352,0,0
289,373,1
-184,0,0
-240,326,1
428,64,1
22,0,0
1072,0,0
883,903,1
244,0,0
416,0,0
-479,0,0
-171,0,0
551,0,0
104,0,0
62,0,0
148,0,0
-630,-846,1
-498,0,0
1204,-347,1
184,0,0
374,148,1
386,0,0
-252,635,1
683,0,0
218,0,0
-288,0,0
148,0,0
580,955,1
109,0,0
43,0,0
44,0,0
-329,108,1
-481,0,0
-832,0,0
293,0,0
308,0,0
-110,0,0
-172,-579,1
413,0,0
-559,0,0
-545,0,0
-689,372,1
-66,0,0
2,155,1
84,0,0
185,0,0
-392,0,0
390,0,0
-177,0,0
171,0,0
-132,867,1
134,0,0
67,0,0
293,-36,1
-193,0,0
334,97,1
450,0,0
324,0,0
-130,0,0
-886,129,1
-284,712,1
247,-378,1
423,869,1
483,49,1
274,0,0
196,-25,1
510,-580,1
-216,-133,1
433,366,1
156,0,0
-952,-970,1
-56,-710,1
184,-821,1
-38,-445,1
1009,411,1
364,0,0
-112,0,0
151,-178,1
631,0,0
-232,0,0
723,0,0
-555,0,0
273,37,1
-381,-888,1
-420,-287,1
655,-1015,1
248,0,0
-162,0,0
-106,-134,1
-35,-194,1
434,0,0
-493,1352,1
-164,0,0
-401,0,0
-594,220,1
244,268,1
-350,0,0
503,-116,1
409,-352,1
-142,0,0
874,-24,1
216,0,0
366,-281,1
-378,0,0
-856,0,0
-528,0,0
727,0,0
-451,0,0
-323,0,0
241,0,0
-272,352,1
548,0,0
239,0,0
93,0,0
-241,242,1
306,0,0
-237,0,0
1151,-380,1
-342,0,0
788,312,1
-125,0,0
366,-71,1
503,0,0
-329,0,0
554,-87,1
-544,0,0
-44,0,0
-154,605,1
-168,0,0
-133,-10,1
468,-748,1
-295,0,0
279,-616,1
163,0,0
-441,880,1
-534,-136,1
-121,-926,1
355,-453,1
562,-151,1
435,0,0
88,-40,1
9,0,0
555,-380,1
-224,0,0
-473,-182,1
744,-937,1
-629,-488,1
143,91,1
-58,0,0
657,-963,1
-545,889,1
598,741,1
469,983,1
460,-1270,1
-899,0,0
-217,614,1
139,0,0
703,0,0
50,-380,1
525,0,0
-285,-259,1
176,63,1
568,0,0
437,-710,1
161,434,1
583,69,1
511,0,0
174,0,0
-252,0,0
205,-4,1
126,0,0
355,1011,1
-1150,0,0
-730,0,0
1073,245,1
-22,262,1
823,-650,1
-852,-393,1
-204,0,0
-704,0,0
-531,0,0
-12,0,0
607,-362,1
863,0,0
501,0,0
-104,0,0
-122,0,0
-522,0,0
-958,383,1
396,0,0
-118,-833,1
-500,0,0
611,0,0
-544,553,1
7,0,0
374,-220,1
109,-465,1
230,-1659,1
-31,-669,1
-76,-411,1
-289,0,0
67,-339,1
28,0,0
-359,0,0
-763,-360,1
841,599,1
-211,0,0
697,0,0
726,405,1
775,0,0
843,184,1
-330,433,1
322,1469,1
-1602,-280,1
93,0,0
-143,0,0
-154,0,0
1178,0,0
-165,0,0
143,646,1
341,0,0
-381,-835,1
372,0,0
497,0,0
708,0,0
-857,-593,1
-1,0,0
-492,0,0
-1043,-459,1
545,0,0
-169,0,0
513,-276,1
526,0,0
256,0,0
326,0,0
-235,0,0
-11,0,0
51,0,0
-192,0,0
456,0,0
349,-270,1
264,-246,1
315,0,0
-102,0,0
61,0,0
396,0,0
144,428,1
-177,695,1
-943,-567,1
171,0,0
618,0,0
-511,0,0
321,0,0
-333,0,0
345,-691,1
659,-563,1
5,0,0
-437,0,0
-437,0,0
579,146,1
-639,0,0
-896,0,0
-713,144,1
-520,0,0
139,-99,1
-163,652,1
512,0,0
336,0,0
-268,0,0
-683,0,0
274,0,0
668,-1326,1
-638,687,1
153,0,0
454,524,1
-187,-114,1
-499,0,0
-1089,0,0
439,-611,1
1497,-144,1
-579,0,0
1054,-150,1
-253,-36,1
-1158,591,1
234,548,1
686,0,0
705,0,0
-448,0,0
-67,0,0
-50,0,0
-502,0,0
456,699,1
-576,-358,1
645,0,0
-585,60,1
-432,595,1
265,1108,1
-581,0,0
-89,0,0
871,0,0
-1015,-1384,1
371,0,0
-378,0,0
704,0,0
603,0,0
967,367,1
-480,844,1
61,0,0
-368,0,0
-28,409,1
191,0,0
-231,288,1
-820,365,1
377,186,1
-190,0,0
180,0,0
734,0,0
-98,0,0
521,0,0
-62,0,0
-642,0,0
320,0,0
-462,0,0
-151,0,0
-285,0,0
-546,-780,1
-17,-248,1
-879,-602,1
-89,538,1
54,0,0
745,-324,1
-74,0,0
-410,148,1
-484,0,0
221,0,0
391,0,0
468,0,0
372,-239,1
505,0,0
140,0,0
214,0,0
562,0,0
577,-39,1
-391,0,0
-25,379,1
-66,0,0
-92,0,0
-135,874,1
504,0,0
945,0,0
-591,729,1
960,-375,1
168,497,1
-769,-112,1
373,0,0
-52,299,1
714,0,0
204,-363,1
59,0,0
-334,0,0
516,0,0
-182,0,0
-26,414,1
625,0,0
64,0,0
-60,1474,1
-378,0,0
628,-409,1
1213,-92,1
268,-113,1
556,234,1
-591,874,1
-648,0,0
-617,0,0
97,0,0
-178,0,0
255,0,0
-290,0,0
30,0,0
835,0,0
-256,-319,1
661,0,0
455,325,1
-284,0,0
-311,0,0
-601,0,0
242,0,0
-384,0,0
0,0,0
414,0,0
-86,377,1
310,224,1
-393,0,0
-108,0,0
257,0,0
-271,0,0
233,0,0
-401,-355,1
-110,0,0
-554,-355,1
143,0,0
-335,17,1
-814,0,0
447,81,1
-302,0,0
-404,0,0
450,74,1
643,0,0
-1157,0,0
-366,0,0
-436,-438,1
-310,-943,1
-236,0,0
-707,9,1
-70,-550,1
-165,0,0
-293,-218,1
439,-547,1
97,0,0
544,0,0
-456,-108,1
-519,0,0
-500,-552,1
-86,0,0
601,-169,1
418,0,0
-492,154,1
-57,0,0
-323,-523,1
-152,0,0
443,0,0
312,986,1
-70,-94,1
233,281,1
466,197,1
-1074,0,0
144,0,0
774,-467,1
158,0,0
-436,0,0
809,0,0
-1030,127,1
-78,0,0
466,0,0
370,-67,1
-25,-51,1
-142,-239,1
-352,0,0
-1214,367,1
1237,-621,1
-140,-290,1
-662,-52,1
517,74,1
1011,979,1
147,0,0
-466,192,1
-395,0,0
289,0,0
-181,-574,1
-792,24,1
-885,727,1
-195,-451,1
-8,-478,1
316,0,0
222,417,1
206,0,0
53,0,0
303,0,0
178,474,1
205,556,1
-284,0,0
-18,-926,1
314,106,1
391,1586,1
250,16,1
892,-761,1
41,-814,1
-168,0,0
32,0,0
537,0,0
-758,0,0
690,-131,1
-563,-669,1
-1310,-1059,1
186,0,0
-516,-328,1
-210,0,0
-833,-84,1
79,0,0
-704,-577,1
-203,-599,1
222,0,0
-45,0,0
-637,1096,1
-710,0,0
-943,367,1
-89,0,0
-911,0,0
-222,0,0
270,-579,1
226,196,1
187,-468,1
-366,0,0
-748,-212,1
539,0,0
935,0,0
-491,0,0
638,0,0
984,0,0
-81,249,1
451,441,1
421,0,0
-1023,-246,1
36,0,0
-907,786,1
302,-85,1
96,507,1
83,250,1
18,0,0
-102,-687,1
370,0,0
546,123,1
582,0,0
-781,-414,1
932,394,1
370,549,1
411,823,1
-715,0,0
167,320,1
169,536,1
420,0,0
665,-1266,1
-256,-145,1
-74,-236,1
51,-714,1
461,-321,1
149,0,0
369,0,0
94,-996,1
-145,-512,1
139,-387,1
-364,599,1
-130,0,0
-987,363,1
396,-481,1
676,-760,1
1064,0,0
-732,-715,1
-444,0,0
357,0,0
-370,-306,1
-922,85,1
621,0,0
-533,561,1
596,-1017,1
234,0,0
88,0,0
-483,0,0
-1086,897,1
149,0,0
-61,0,0
54,618,1
-294,0,0
310,0,0
-17,0,0
755,84,1
78,0,0
108,-612,1
365,23,1
-742,-195,1
225,-225,1
649,0,0
-7,914,1
-361,0,0
-957,-583,1
-93,0,0
684,262,1
47,0,0
-729,0,0
21,0,0
-271,0,0
395,-128,1
571,68,1
-57,0,0
87,0,0
496,-431,1
561,587,1
177,0,0
181,0,0
-444,0,0
516,0,0
577,0,0
224,0,0
-506,0,0
-204,0,0
531,-207,1
458,0,0
450,-542,1
972,-251,1
824,0,0
150,203,1
143,0,0
753,407,1
521,122,1
-131,0,0
-208,153,1
-685,-853,1
660,0,0
13,0,0
652,0,0
707,314,1
570,698,1
254,-364,1
505,-323,1
382,-104,1
-457,-1725,1
-90,0,0
1089,460,1
-731,0,0
827,0,0
378,529,1
-166,0,0
6,0,0
509,494,1
51,-258,1
-412,0,0
228,0,0
135,576,1
-127,0,0
-241,195,1
506,0,0
-785,573,1
-280,286,1
-435,682,1
572,-158,1
87,323,1
377,0,0
-587,0,0
851,0,0
-13,0,0
-171,0,0
-195,0,0
-454,0,0
-696,-181,1
591,0,0
-384,0,0
-68,291,1
669,-435,1
573,0,0
276,0,0
-123,-629,1
194,-423,1
-375,-677,1
-181,-395,1
503,0,0
149,0,0
2,-388,1
-846,-651,1
70,0,0
323,0,0
289,-289,1
-498,-294,1
-536,-33,1
0,0,0
-546,-21,1
-1167,-10,1
1303,436,1
-879,277,1
57,576,1
1714,297,1
-50,0,0
371,0,0
434,0,0
-734,0,0
612,0,0
-895,0,0
-764,0,0
-19,51,1
1134,0,0
-79,0,0
-275,0,0
508,0,0
-570,0,0
-130,-584,1
91,0,0
828,-101,1
2,201,1
-656,0,0
757,0,0
-226,0,0
379,0,0
-434,0,0
-253,0,0
-135,-1362,1
-504,-964,1
295,0,0
409,0,0
802,-730,1
186,745,1
-849,136,1
252,0,0
284,0,0
-37,0,0
392,0,0
-435,0,0
119,406,1
870,0,0
14,0,0
-470,0,0
132,-283,1
425,497,1
-32,0,0
620,989,1
676,-694,1
484,400,1
164,0,0
-246,-352,1
350,-162,1
221,-172,1
27,0,0
338,0,0
114,0,0
1479,0,0
-635,-875,1
-941,609,1
-116,0,0
-163,697,1
270,817,1
-537,-715,1
788,29,1
608,0,0
300,-216,1
-411,-33,1
-464,0,0
1184,565,1
64,0,0
-85,0,0
-229,0,0
70,1230,1
-564,0,0
164,0,0
16,0,0
-672,988,1
196,-567,1
529,-539,1
364,0,0
-1073,320,1
127,0,0
-508,-300,1
1027,-111,1
213,1282,1
230,0,0
-560,0,0
580,0,0
-671,0,0
594,0,0
-336,0,0
-523,0,0
-177,-596,1
-169,0,0
-710,-774,1
-135,0,0
64,0,0
-181,0,0
-570,657,1
-649,0,0
-1394,-634,1
313,0,0
-289,0,0
-1003,0,0
-236,0,0
1187,-1091,1
-1249,340,1
-287,0,0
-428,0,0
-200,-476,1
-822,696,1
-400,0,0
583,-329,1
841,782,1
903,572,1
10,0,0
1529,694,1
-116,0,0
-550,0,0
-552,867,1
-761,-451,1
611,0,0
281,0,0
-287,0,0
-162,0,0
-1289,0,0
-875,-912,1
197,0,0
-342,-87,1
226,0,0
180,0,0
481,374,1
-573,0,0
-495,-304,1
-140,0,0
-252,-1022,1
854,-631,1
-661,-10,1
624,-723,1
-920,903,1
-350,886,1
-191,853,1
-830,0,0
-504,1143,1
421,0,0
-11,-850,1
270,0,0
735,394,1
691,0,0
-360,0,0
-33,1227,1
560,0,0
-632,0,0
-664,0,0
-8,0,0
132,0,0
-369,0,0
256,948,1
-301,0,0
776,-306,1
-415,0,0
1213,0,0
850,-912,1
-550,455,1
675,0,0
-39,0,0
-345,463,1
1143,-57,1
138,0,0
269,0,0
-170,0,0
444,0,0
-232,-489,1
-1481,115,1
401,0,0
-129,0,0
391,0,0
621,413,1
-294,0,0
350,-134,1
-105,70,1
-84,0,0
-1706,514,1
99,-704,1
436,0,0
311,0,0
645,0,0
324,0,0
90,0,0
-603,-642,1
791,0,0
150,0,0
1028,-1176,1
-554,299,1
-204,-1238,1
485,-165,1
223,0,0
816,-282,1
54,0,0
-149,0,0
-100,623,1
-1338,-565,1
305,0,0
632,117,1
-1562,-484,1
-235,0,0
536,0,0
891,0,0
946,0,0
-386,0,0
820,1205,1
633,0,0
234,0,0
-388,-274,1
-45,-161,1
227,0,0
-565,0,0
237,0,0
-455,-303,1
-236,0,0
343,-339,1
666,354,1
1,-1357,1
-712,0,0
-788,0,0
-1181,523,1
778,0,0
25,0,0
457,0,0
-114,164,1
362,585,1
934,846,1
-472,0,0
-510,0,0
1200,-93,1
68,-1017,1
-532,0,0
417,-10,1
499,-291,1
-556,0,0
571,0,0
-259,-946,1
695,356,1
-98,0,0
565,0,0
816,-1045,1
-397,-463,1
432,0,0
213,0,0
-59,707,1
66,0,0
-487,-622,1
881,706,1
61,239,1
789,0,0
-397,-603,1
317,0,0
708,0,0
-737,0,0
-437,0,0
-215,-90,1
337,-185,1
36,-226,1
-474,0,0
405,290,1
-176,0,0
1261,-161,1
-263,0,0
421,373,1
-906,0,0
-340,0,0
312,-1522,1
-421,48,1
-598,0,0
635,0,0
543,0,0
-520,0,0
-1009,0,0
84,0,0
269,0,0
229,1,1
791,0,0
447,0,0
302,0,0
712,793,1
151,0,0
182,136,1
-27,-580,1
86,311,1
-686,-117,1
230,0,0
-1351,720,1
721,0,0
-34,0,0
766,0,0
1291,437,1
329,0,0
366,86,1
-187,0,0
-239,213,1
-349,65,1
-9,0,0
-114,402,1
404,-486,1
-535,229,1
-331,0,0
420,243,1
-336,0,0
-551,-166,1
-86,-434,1
611,0,0
208,-166,1
-506,-413,1
610,-518,1
1601,-439,1
-19,0,0
466,0,0
627,532,1
314,0,0
-573,0,0
56,-179,1
774,-237,1
-57,-931,1
313,0,0
-569,858,1
265,278,1
1229,0,0
326,1,1
397,-639,1
-389,0,0
226,0,0
-202,0,0
-177,0,0
-336,0,0
-193,0,0
79,0,0
77,0,0
424,0,0
375,0,0
-41,368,1
-454,0,0
175,0,0
-263,0,0
-27,686,1
888,0,0
-641,-124,1
1107,1110,1
344,0,0
371,857,1
319,888,1
-4,-299,1
72,-312,1
-469,0,0
712,-449,1
171,0,0
602,0,0
-14,0,0
-187,0,0
-600,-677,1
-272,0,0
-261,550,1
1318,0,0
-28,512,1
354,886,1
-176,-767,1
234,0,0
874,-257,1
-265,541,1
632,-1055,1
345,0,0
449,492,1
-359,789,1
-245,0,0
-743,-855,1
178,-297,1
376,0,0
375,-881,1
-744,0,0
263,0,0
-64,0,0
-275,0,0
-264,-59,1
383,334,1
256,0,0
343,0,0
-89,0,0
530,0,0
-84,0,0
-842,0,0
274,241,1
799,-355,1
70,0,0
-640,-497,1
119,395,1
-753,0,0
-670,28,1
-3,0,0
-78,0,0
342,0,0
-163,0,0
511,-396,1
92,0,0
356,907,1
294,0,0
-155,0,0
227,1297,1
-210,0,0
-302,868,1
319,-1109,1
-277,195,1
1110,357,1
-194,-652,1
-833,376,1
-398,0,0
521,486,1
75,373,1
-630,0,0
111,-205,1
-1424,-59,1
532,0,0
129,0,0
7,0,0
-297,171,1
-1009,-157,1
30,0,0
-8,-92,1
98,0,0
211,270,1
693,6,1
-479,0,0
-243,139,1
633,0,0
577,0,0
809,-275,1
202,364,1
14,561,1
-390,0,0
109,0,0
-173,31,1
-319,0,0
249,0,0
1061,88,1
-552,174,1
297,-723,1
-480,-476,1
-328,0,0
-243,137,1
1217,58,1
-191,0,0
330,861,1
225,0,0
-551,439,1
179,264,1
482,0,0
1229,63,1
1078,0,0
748,-517,1
122,-116,1
-446,0,0
812,440,1
-1275,2,1
-113,0,0
15,0,0
-169,959,1
-1078,-38,1
377,-402,1
147,0,0
-770,-213,1
70,-378,1
-278,0,0
679,0,0
581,0,0
63,877,1
842,204,1
774,0,0
21,985,1
-366,0,0
-384,0,0
-241,0,0
-442,-951,1
116,0,0
174,0,0
405,-1010,1
597,0,0
235,0,0
-152,0,0
-905,-663,1
486,-78,1
1628,-642,1
363,0,0
289,0,0
117,-836,1
610,0,0
76,0,0
60,-63,1
-497,-120,1
827,0,0
-640,-353,1
-237,0,0
600,-254,1
-240,0,0
-38,0,0
-791,0,0
-550,0,0
450,179,1
330,-224,1
-200,164,1
149,159,1
544,996,1
-446,54,1
152,0,0
694,201,1
-209,-92,1
602,134,1
-807,0,0
342,-794,1
-243,413,1
499,0,0
-824,0,0
-324,-613,1
556,0,0
843,0,0
1439,832,1
1602,742,1
165,0,0
-339,0,0
-535,123,1
613,1016,1
-4,334,1
-901,0,0
-1140,0,0
121,119,1
-765,738,1
18,0,0
-674,0,0
199,0,0
-378,-502,1
-444,0,0
-739,1587,1
-68,0,0
-177,-521,1
0,299,1
57,103,1
289,99,1
904,0,0
-529,454,1
-663,-483,1
-238,445,1
463,41,1
-166,1308,1
965,685,1
141,265,1
540,0,0
949,0,0
26,357,1
241,951,1
-203,0,0
-54,184,1
729,1187,1
512,0,0
-31,0,0
-148,-397,1
-741,-174,1
-20,0,0
276,0,0
-379,0,0
-479,-322,1
257,0,0
-429,181,1
180,-1719,1
-499,316,1
187,0,0
-310,-831,1
-359,43,1
-271,960,1
896,-180,1
-89,0,0
-1018,-259,1
640,-991,1
-740,0,0
158,-1342,1
289,-540,1
676,-245,1
571,-255,1
-27,0,0
-721,0,0
-209,0,0
875,-567,1
-460,294,1
672,0,0
-335,0,0
621,0,0
-342,-71,1
389,-364,1
-1265,-824,1
182,160,1
-344,-625,1
1037,155,1
24,0,0
289,0,0
219,0,0
-383,0,0
694,-246,1
233,0,0
813,675,1
107,294,1
1479,-569,1
-48,0,0
-263,0,0
-322,0,0
-451,403,1
615,26,1
677,0,0
-118,0,0
463,0,0
423,0,0
691,202,1
-595,340,1
-619,409,1
-197,0,0
951,152,1
-220,0,0
115,-123,1
-1253,782,1
714,425,1
-61,0,0
106,0,0
-225,0,0
1,0,0
874,611,1
571,443,1
-556,381,1
-273,0,0
-1515,525,1
878,-27,1
-705,375,1
785,-560,1
-1018,-49,1
-363,-34,1
270,0,0
-37,0,0
31,0,0
677,-110,1
588,0,0
-216,-293,1
-632,394,1
-1449,-152,1
788,-697,1
155,0,0
-286,252,1
-284,1248,1
169,96,1
-436,-573,1
-819,-847,1
-549,0,0
-335,83,1
-153,808,1
-1310,235,1
660,-668,1
-232,267,1
770,0,0
32,0,0
1042,-187,1
-693,-77,1
-411,15,1
-1194,564,1
1094,0,0
177,0,0
389,0,0
-87,0,0
-163,0,0
211,-594,1
-158,0,0
330,-33,1
231,543,1
-382,0,0
-977,-46,1
-185,36,1
-100,0,0
53,255,1
40,239,1
-181,-260,1
-233,592,1
405,-324,1
43,43,1
-459,0,0
-629,0,0
504,-38,1
-130,0,0
758,0,0
123,0,0
-86,0,0
620,290,1
440,-302,1
197,522,1
78,0,0
-198,0,0
200,0,0
-313,178,1
-1257,685,1
-1529,-495,1
15,474,1
100,374,1
819,1004,1
566,-446,1
-865,44,1
318,977,1
186,717,1
852,23,1
68,306,1
-94,102,1
-90,-582,1
742,0,0
728,123,1
851,1054,1
442,-88,1
-609,802,1
622,0,0
-291,-722,1
1386,-22,1
-644,682,1
56,0,0
683,-287,1
-818,-1102,1
505,289,1
-254,330,1
-1129,0,0
-386,1003,1
1056,-573,1
-943,895,1
-896,-848,1
1334,-174,1
-145,-146,1
-199,0,0
138,0,0
126,283,1
-93,0,0
-302,-154,1
309,-126,1
-132,0,0
-581,-54,1
39,0,0
606,1099,1
-93,0,0
-318,62,1
83,0,0
-130,0,0
-172,0,0
186,-148,1
179,-379,1
533,323,1
-244,-409,1
-386,-693,1
385,0,0
19,0,0
-536,0,0
721,490,1
-375,0,0
-810,-201,1
-581,-804,1
-65,0,0
-664,0,0
-19,-204,1
-272,-1147,1
509,240,1
314,0,0
516,-77,1
203,277,1
592,404,1
178,0,0
-299,366,1
1431,-321,1
709,0,0
-44,-254,1
454,0,0
23,0,0
-251,-38,1
-64,-339,1
-498,-518,1
-881,704,1
-474,0,0
-13,391,1
-113,483,1
-219,0,0
-117,-656,1
-251,0,0
1355,826,1
-335,-305,1
117,312,1
368,0,0
481,-429,1
-584,74,1
-1106,286,1
-705,-40,1
-1277,250,1
-842,-427,1
905,399,1
-301,162,1
576,-112,1
158,0,0
-325,2,1
136,-428,1
-797,90,1
-576,-183,1
-310,0,0
-461,0,0
-758,658,1
375,256,1
47,0,0
-988,-112,1
-190,0,0
23,950,1
-301,-101,1
204,236,1
775,-287,1
-1148,-771,1
-894,236,1
783,0,0
226,383,1
309,-372,1
-311,287,1
-603,0,0
-158,0,0
-668,0,0
-353,317,1
-109,-1399,1
716,836,1
766,0,0
729,555,1
731,0,0
1277,440,1
203,-223,1
-311,466,1
-313,389,1
-59,0,0
627,-415,1
-170,286,1
-278,77,1
-696,0,0
534,0,0
461,-933,1
212,0,0
157,-447,1
-750,51,1
279,-430,1
517,1463,1
-222,0,0
-99,-17,1
-182,36,1
-930,-331,1
541,-293,1
-1,0,0
113,0,0
400,0,0
-741,-37,1
371,0,0
869,1004,1
-599,227,1
-332,0,0
38,0,0
780,-76,1
-351,0,0
725,670,1
-247,241,1
228,0,0
-266,-25,1
339,0,0
-753,467,1
666,1000,1
494,-111,1
-50,260,1
-453,-50,1
628,0,0
98,287,1
75,0,0
-553,-962,1
1175,-238,1
92,550,1
-639,0,0
-1057,-218,1
-28,0,0
933,-51,1
565,0,0
240,0,0
-206,799,1
-198,-561,1
-488,283,1
80,-98,1
-665,-119,1
127,-118,1
-187,236,1
85,-147,1
148,318,1
651,0,0
-956,705,1
-97,-82,1
-899,0,0
344,0,0
52,0,0
-18,0,0
9,278,1
1134,-853,1
-822,0,0
-187,0,0
286,100,1
62,0,0
472,177,1
552,-1271,1
-61,164,1
-285,393,1
-2,0,0
36,0,0
-518,0,0
-19,-118,1
-77,0,0
-226,0,0
616,-468,1
-928,-806,1
806,-134,1
57,0,0
-390,0,0
1148,-462,1
-555,30,1
287,214,1
-2096,56,1
273,0,0
487,0,0
-49,0,0
854,666,1
-371,0,0
31,-648,1
-842,0,0
-315,0,0
-244,492,1
-1034,-183,1
-223,0,0
362,0,0
-447,0,0
429,-380,1
-180,0,0
-396,-1285,1
-476,375,1
557,0,0
-67,0,0
471,-202,1
459,0,0
-478,320,1
1244,-351,1
-649,-334,1
-369,0,0
932,590,1
21,405,1
378,16,1
161,0,0
-200,-445,1
-334,806,1
278,-297,1
919,194,1
445,-125,1
593,-642,1
172,808,1
-1251,-47,1
-638,0,0
-459,1087,1
-1408,-987,1
505,855,1
702,1278,1
-414,415,1
-93,0,0
569,-10,1
394,0,0
-19,0,0
9,451,1
-376,470,1
1172,0,0
-161,0,0
-1022,297,1
28,-523,1
830,0,0
-613,-599,1
178,0,0
-614,-506,1
133,-554,1
-62,458,1
-505,356,1
477,0,0
351,-415,1
-675,0,0
-588,916,1
147,0,0
1682,1486,1
-943,-191,1
1084,41,1
-319,792,1
622,17,1
193,-130,1
185,0,0
-111,0,0
1008,644,1
-346,0,0
187,0,0
-1027,-239,1
61,0,0
-163,623,1
-4,0,0
526,0,0
93,158,1
-233,0,0
-516,-610,1
1270,-384,1
1185,437,1
362,-551,1
-135,231,1
-322,0,0
-78,413,1
427,0,0
-690,0,0
80,0,0
763,-680,1
-499,0,0
-144,0,0
516,-382,1
-902,-525,1
-284,0,0
512,262,1
55,287,1
464,0,0
-371,0,0
-432,0,0
-142,327,1
211,0,0
-131,0,0
-280,-30,1
-170,211,1
-492,-830,1
533,602,1
70,-1151,1
180,699,1
-130,-607,1
-711,1114,1
319,0,0
686,-222,1
-532,631,1
-345,0,0
-196,66,1
-469,-722,1
495,-727,1
-796,0,0
-432,-178,1
69,424,1
1289,-74,1
-272,554,1
-538,-9,1
1062,-33,1
436,-313,1
-772,544,1
296,52,1
773,-20,1
434,0,0
-179,-201,1
-93,0,0
940,0,0
1100,-345,1
714,385,1
-657,176,1
-147,-79,1
215,-664,1
43,211,1
149,834,1
-481,0,0
1024,-670,1
304,-27,1
-105,0,0
252,0,0
-979,-355,1
505,0,0
-169,0,0
-1096,0,0
-597,0,0
-473,-134,1
-1055,0,0
-730,-209,1
-427,0,0
60,811,1
-738,-798,1
-180,0,0
-364,-54,1
336,1088,1
557,-538,1
395,-196,1
389,0,0
643,191,1
-1121,-116,1
-660,689,1
-43,490,1
-275,0,0
-781,295,1
101,0,0
799,0,0
-616,-937,1
980,158,1
-160,-530,1
-555,0,0
-21,562,1
710,-646,1
-273,0,0
90,0,0
-507,103,1
568,-242,1
-5,-393,1
667,572,1
271,0,0
201,0,0
406,0,0
-486,0,0
-62,-346,1
416,0,0
248,-802,1
282,0,0
-137,251,1
-253,0,0
-875,-408,1
499,50,1
-935,-68,1
-409,0,0
347,0,0
36,0,0
588,60,1
-536,595,1
-65,0,0
-567,0,0
287,0,0
956,0,0
-808,-1159,1
-249,0,0
811,0,0
-31,-114,1
211,0,0
-276,0,0
-88,0,0
433,0,0
0,684,1
-569,0,0
-179,842,1
163,73,1
-654,0,0
608,-181,1
158,748,1
1447,103,1
693,0,0
-626,-1048,1
437,393,1
7,0,0
-1146,-139,1
-69,0,0
-476,-270,1
-407,0,0
-185,0,0
570,-10,1
-337,-470,1
-361,0,0
265,-699,1
-498,774,1
848,-26,1
359,0,0
-816,0,0
364,167,1
63,249,1
718,0,0
365,-81,1
-97,0,0
499,0,0
-82,0,0
270,913,1
-163,578,1
-915,-140,1
-104,330,1
481,368,1
-115,-118,1
393,-47,1
136,0,0
-217,308,1
1186,474,1
-843,-564,1
-620,0,0
-888,156,1
-533,-1147,1
-617,514,1
61,535,1
544,-317,1
-476,-759,1
713,0,0
556,0,0
-1055,-64,1
-1723,145,1
-216,0,0
-229,0,0
-276,0,0
881,-888,1
-528,0,0
-132,0,0
241,0,0
-917,-36,1
396,0,0
485,-367,1
977,0,0
-274,-547,1
-539,176,1
548,0,0
90,352,1
-646,0,0
-339,0,0
20,162,1
775,225,1
-229,0,0
-518,-923,1
806,-1106,1
-298,156,1
-744,-249,1
207,0,0
144,0,0
-397,-6,1
599,0,0
674,-80,1
-1157,-127,1
-556,0,0
-685,575,1
-58,-706,1
-796,-2,1
299,0,0
743,-1348,1
380,904,1
-402,0,0
829,499,1
218,-86,1
-81,-218,1
110,-228,1
510,1248,1
-780,636,1
186,340,1
-624,0,0
586,-247,1
879,0,0
1153,526,1
520,-209,1
-580,-172,1
-23,-95,1
-314,0,0
182,0,0
1000,237,1
1082,735,1
87,-358,1
390,243,1
4,0,0
-1769,180,1
472,-679,1
330,-252,1
336,-848,1
-329,219,1
256,-227,1
118,21,1
-441,-308,1
268,-287,1
-33,0,0
-112,0,0
320,218,1
-820,18,1
-424,0,0
718,-937,1
-106,-709,1
284,221,1
675,0,0
166,-24,1
401,0,0
164,0,0
144,0,0
-170,0,0
-790,0,0
-422,457,1
13,-112,1
-51,553,1
388,0,0
-166,-300,1
-58,0,0
186,0,0
-331,-822,1
597,-425,1
-558,432,1
178,656,1
163,-532,1
633,181,1
-695,-95,1
441,0,0
-310,69,1
-505,-803,1
643,0,0
-818,-640,1
710,97,1
94,-545,1
-109,0,0
-642,263,1
-249,0,0
-291,0,0
567,0,0
-209,0,0
-676,0,0
-89,0,0
30,0,0
344,0,0
-318,0,0
-193,0,0
4,0,0
-379,0,0
-4,-30,1
210,0,0
-1574,-156,1
60,0,0
-928,-393,1
412,-979,1
-624,-142,1
347,1380,1
-1536,807,1
-758,220,1
221,0,0
-1350,1336,1
-1596,53,1
-250,-402,1
574,0,0
-312,829,1
1156,31,1
-205,0,0
-1198,0,0
-144,359,1
-324,16,1
209,0,0
-510,-607,1
417,-429,1
2,241,1
115,166,1
-1165,-774,1
-1262,-391,1
-208,40,1
751,0,0
24,0,0
200,0,0
1877,276,1
73,-453,1
712,104,1
77,0,0
728,0,0
1565,-641,1
596,543,1
289,0,0
232,-848,1
702,1419,1
827,-446,1
-326,43,1
-185,0,0
324,0,0
592,0,0
257,-481,1
-469,1664,1
-241,991,1
-83,0,0
134,0,0
130,91,1
-370,320,1
-994,0,0
177,-300,1
-767,-1166,1
666,0,0
428,-79,1
647,-731,1
458,903,1
377,-1036,1
155,-250,1
741,359,1
326,0,0
336,0,0
-541,-707,1
16,0,0
245,-462,1
-167,-138,1
875,0,0
167,0,0
410,-274,1
-901,-243,1
-318,0,0
-1232,0,0
-1076,0,0
794,-453,1
1027,-383,1
510,0,0
-762,359,1
-849,0,0
44,0,0
-55,-608,1
555,0,0
559,0,0
462,-274,1
388,870,1
-473,-144,1
470,1237,1
199,0,0
-558,251,1
417,440,1
-952,0,0
-26,1104,1
145,-536,1
-525,283,1
165,356,1
546,-1183,1
698,-84,1
394,-675,1
218,185,1
208,0,0
-277,511,1
-675,-171,1
-19,0,0
1087,17,1
