1054,321,1
654,876,1
586,-231,1
-312,627,1
-46,-735,1
-29,0,0
1532,-82,1
-18,0,0
52,0,0
-37,-347,1
811,183,1
524,402,1
143,0,0
206,617,1
472,569,1
-432,-192,1
-71,-506,1
141,0,0
630,-340,1
-248,-786,1
-716,-194,1
-40,0,0
-809,-286,1
600,185,1
-291,-21,1
199,-4,1
110,2,1
8,1504,1
214,-809,1
241,0,0
-172,-84,1
-422,391,1
622,-265,1
-485,442,1
-465,563,1
614,0,1
-498,66,1
784,-44,1
-129,0,0
-236,0,0
177,0,0
-268,-1164,1
422,317,1
278,0,0
-136,0,0
315,923,1
695,-1665,1
539,-99,1
-258,103,1
-123,0,0
197,0,0
115,0,0
63,0,0
-148,0,0
-685,-93,1
-248,42,1
-900,1300,1
578,-428,1
131,852,1
127,377,1
-50,-215,1
312,-287,1
101,927,1
-103,-772,1
31,0,0
-169,0,0
437,741,1
-6,0,0
390,-584,1
-28,0,0
193,0,0
18,-863,1
-268,0,0
491,3,1
-279,-951,1
866,-412,1
261,0,0
-44,-590,1
-73,453,1
-231,1070,1
53,242,1
-166,-378,1
1052,-191,1
-737,-88,1
-310,0,1
41,0,0
-284,495,1
64,236,1
243,209,1
822,215,1
549,-591,1
-176,0,0
381,815,1
-69,0,0
-43,0,0
-505,-874,1
-378,-918,1
-184,-32,1
27,0,0
-200,0,0
274,0,0
-53,0,0
34,-614,1
-708,31,1
-16,0,0
-72,-688,1
79,0,0
-188,82,1
25,0,0
853,576,1
14,0,0
166,-341,1
398,54,1
184,0,0
106,0,0
21,548,1
1190,-516,1
-1112,391,1
-162,-184,1
44,0,0
40,0,0
299,-297,1
-41,0,0
-352,268,1
-8,400,1
944,-631,1
1525,-439,1
-49,0,0
-993,-186,1
-184,73,1
20,-30,1
-166,787,1
-212,937,1
-353,510,1
-44,-245,1
-85,0,0
728,419,1
71,0,0
-330,-969,1
-132,86,1
403,-542,1
-233,364,1
979,228,1
-155,0,0
-154,0,0
452,-748,1
227,0,0
42,0,0
-862,477,1
-8,518,1
420,-572,1
-260,-473,1
8,0,0
137,-252,1
-365,-560,1
122,0,0
851,-495,1
43,0,0
440,-600,1
-349,231,1
-231,283,1
-874,838,1
-1123,198,1
-194,-23,1
-10,-555,1
239,-298,1
459,695,1
-787,-222,1
-253,-333,1
-20,0,0
-329,-929,1
391,-582,1
375,-632,1
199,0,0
-1168,-661,1
-100,0,0
596,165,1
112,-482,1
-660,-33,1
-390,666,1
-23,472,1
-615,840,1
-40,0,0
-116,-171,1
921,104,1
-331,449,1
-45,0,0
160,0,0
-150,0,0
53,0,0
-394,0,0
-232,0,0
-537,-820,1
143,-432,1
693,-236,1
-58,0,0
-539,48,1
203,0,0
-43,-341,1
-523,534,1
257,-607,1
-677,-118,1
58,0,0
153,0,0
-308,358,1
71,0,0
636,-1328,1
-639,-281,1
29,0,0
-144,150,1
-349,235,1
-21,395,1
1208,1429,1
159,0,0
43,368,1
-212,-334,1
557,792,1
-177,-214,1
-108,38,1
632,-91,1
154,-1044,1
-1064,81,1
-68,1223,1
-142,166,1
-72,548,1
-683,-131,1
78,0,0
-1296,155,1
424,1062,1
265,-190,1
-992,-259,1
496,4,1
152,-178,1
96,0,0
-591,450,1
-22,143,1
-540,705,1
-126,-122,1
283,-270,1
279,-215,1
-1175,243,1
-976,-451,1
-504,964,1
931,41,1
48,-342,1
103,0,0
154,-364,1
-90,-85,1
972,-472,1
-30,-60,1
-279,309,1
-175,622,1
833,443,1
-738,-24,1
80,-123,1
141,0,0
-70,0,0
-270,0,0
13,281,1
1305,29,1
77,-887,1
723,-461,1
-57,0,0
-89,438,1
-823,446,1
45,-44,1
135,0,0
-1481,-474,1
-46,149,1
-266,0,0
-39,0,0
612,-444,1
-475,262,1
-357,-285,1
-976,-354,1
364,-698,1
403,29,1
-241,101,1
253,0,0
-179,-122,1
226,-351,1
-6,165,1
-132,0,0
-27,0,0
137,821,1
174,276,1
-184,628,1
282,347,1
-378,-357,1
857,-1250,1
-36,0,0
-104,0,0
-145,0,0
-30,1007,1
-1016,-845,1
-344,280,1
-752,313,1
-105,0,0
-735,480,1
40,289,1
273,0,0
-266,0,0
-348,460,1
-934,-118,1
217,388,1
-615,132,1
1220,1087,1
933,-258,1
777,60,1
-82,0,0
83,-232,1
95,0,0
-742,-1196,1
94,0,0
-739,483,1
-68,-644,1
395,0,0
454,114,1
494,-328,1
305,-1338,1
-69,181,1
890,-1050,1
-25,-336,1
-92,0,0
89,0,0
440,-594,1
-884,933,1
479,588,1
-178,0,0
397,-637,1
196,0,0
26,-59,1
-63,502,1
-371,0,0
-554,413,1
-61,133,1
-21,-536,1
235,466,1
424,-381,1
-19,756,1
-157,0,0
2,0,0
-758,-198,1
151,0,0
-300,-75,1
-279,-471,1
-68,0,0
421,-835,1
395,-7,1
-391,-950,1
583,645,1
-216,115,1
-308,-1133,1
-507,-171,1
-536,1104,1
104,0,0
-907,-428,1
398,0,0
148,0,0
-187,694,1
986,-1136,1
-327,515,1
6,0,0
-38,221,1
-276,-475,1
14,0,0
175,-60,1
273,0,0
-35,0,0
-354,-38,1
611,70,1
-145,0,0
-276,0,0
61,0,0
39,-455,1
69,0,0
14,0,0
-54,-41,1
169,-171,1
-989,-623,1
22,0,0
803,485,1
150,0,0
-235,0,0
421,985,1
-557,-410,1
-319,185,1
82,0,0
1122,-86,1
-734,316,1
-25,0,0
91,-173,1
59,20,1
458,512,1
29,0,0
402,101,1
-145,178,1
409,-799,1
-1000,240,1
-41,0,0
-91,0,0
683,290,1
161,0,0
855,-804,1
-619,-178,1
-735,500,1
168,0,0
-212,636,1
155,0,0
1026,803,1
404,0,0
-21,0,0
-482,599,1
271,545,1
992,515,1
-136,0,0
-592,345,1
-77,0,0
226,1086,1
-280,1118,1
34,292,1
350,-640,1
582,29,1
450,484,1
90,0,0
50,0,0
86,0,0
138,0,0
47,0,0
170,0,0
-1,0,0
-157,0,0
569,442,1
264,933,1
-53,-869,1
127,0,0
-185,532,1
543,547,1
-96,0,0
364,573,1
-298,425,1
317,-295,1
-199,467,1
30,0,0
46,0,0
-65,0,0
-395,-173,1
-218,338,1
297,1048,1
-806,109,1
-70,0,0
-8,0,0
266,0,0
-180,230,1
-1171,544,1
151,1113,1
324,881,1
-90,0,0
697,-752,1
450,832,1
453,-146,1
-21,0,0
-191,-156,1
-40,1378,1
120,0,0
168,-540,1
-117,0,0
-197,0,0
864,-1259,1
-372,1146,1
-73,238,1
-73,0,0
-317,541,1
-1184,-454,1
-18,0,0
-283,0,0
-895,105,1
-120,-203,1
-119,0,0
-230,0,0
-28,0,0
78,0,0
-1116,1057,1
-89,503,1
99,0,0
183,76,1
357,0,0
826,286,1
131,0,0
1081,-474,1
-395,0,0
-148,764,1
-64,0,0
-31,0,0
-87,-818,1
539,-83,1
-276,534,1
-27,0,0
-159,-574,1
-926,724,1
-503,611,1
-341,444,1
-532,324,1
23,0,0
-98,238,1
-174,134,1
-594,-160,1
-126,0,0
-130,0,0
-492,34,1
148,769,1
317,0,0
-148,0,0
205,0,0
-21,-269,1
66,-1066,1
51,0,0
-11,0,0
191,283,1
941,667,1
-51,0,0
313,0,0
-115,0,0
-35,-488,1
454,18,1
67,0,0
-200,0,0
46,0,0
127,0,0
262,-341,1
309,-871,1
-534,-316,1
-126,0,0
-85,0,0
-224,448,1
-267,289,1
70,-662,1
-1228,841,1
-587,-227,1
27,0,0
335,245,1
473,429,1
452,-609,1
358,1034,1
273,0,0
773,-537,1
-1217,-826,1
198,-307,1
-116,0,0
292,625,1
1352,724,1
37,0,0
150,0,0
105,0,0
-414,647,1
-1016,331,1
11,0,0
-43,-619,1
-92,0,0
-11,0,0
-122,-51,1
338,-546,1
-66,-1554,1
-808,100,1
207,-198,1
-51,0,0
-138,0,0
144,-103,1
873,81,1
-85,0,0
695,440,1
233,-333,1
-72,0,0
61,0,0
49,0,0
-761,-53,1
-123,0,0
-558,486,1
19,0,0
-144,0,0
-221,0,0
-75,0,0
301,1072,1
-683,-797,1
65,-366,1
-52,0,0
-195,0,0
169,0,0
106,0,0
-10,0,0
-15,0,0
-449,507,1
-285,0,0
-345,176,1
100,0,0
-768,264,1
-189,0,0
-293,0,0
528,-190,1
76,0,0
-52,0,0
277,-6,1
-271,0,0
296,0,0
-70,-686,1
58,0,0
467,679,1
113,0,0
-446,-452,1
-235,0,0
187,0,0
775,-239,1
-22,-429,1
399,-720,1
234,0,0
252,246,1
193,95,1
-1514,979,1
-40,630,1
703,340,1
95,375,1
-346,-549,1
-301,-646,1
-202,0,0
58,0,0
-1358,-393,1
254,-880,1
-399,-903,1
35,0,0
-398,437,1
-427,-298,1
-86,1180,1
-160,0,0
-143,0,0
1055,16,1
48,0,0
-505,63,1
-141,0,0
-261,-664,1
-926,-330,1
-619,-107,1
126,0,0
-1018,234,1
649,-48,1
-226,-82,1
212,0,0
-88,394,1
298,264,1
-146,0,0
-615,575,1
425,62,1
122,0,0
43,0,0
558,1292,1
-108,-14,1
246,-604,1
336,-385,1
235,71,1
109,0,0
-142,0,0
-65,0,0
-723,594,1
712,-424,1
1173,103,1
-90,32,1
317,1140,1
-377,-964,1
222,0,0
-150,0,0
-632,382,1
-75,-561,1
100,0,0
136,0,0
-21,-48,1
-584,833,1
-237,0,0
-3,0,0
324,391,1
-124,0,0
33,0,0
-26,0,0
337,-382,1
85,-182,1
-1018,-65,1
181,0,0
769,694,1
149,-281,1
-217,904,1
-333,132,1
88,0,0
-913,-534,1
71,-515,1
-261,660,1
-339,1297,1
41,85,1
58,171,1
-1550,680,1
-67,-112,1
-18,0,0
583,-810,1
58,0,0
384,-894,1
-219,329,1
-1022,1265,1
-226,368,1
-25,0,0
463,632,1
-85,0,0
-185,69,1
108,-132,1
557,-256,1
-7,0,0
972,-537,1
-229,-116,1
-222,-184,1
499,-119,1
-353,-194,1
48,628,1
-468,-286,1
-597,31,1
-548,-35,1
-6,0,0
285,607,1
-145,0,0
-347,-289,1
-1214,-312,1
662,-14,1
-7,-491,1
-255,597,1
656,-454,1
-50,-440,1
1063,478,1
-227,0,0
-36,0,0
225,-529,1
958,673,1
36,42,1
78,0,0
239,476,1
-539,-561,1
-1013,739,1
365,-1466,1
-656,-684,1
-123,-108,1
196,0,0
169,0,0
317,-1246,1
-36,179,1
177,-86,1
571,-925,1
182,0,0
-378,1042,1
-517,-1027,1
-356,648,1
374,171,1
-64,0,0
-343,-294,1
-318,241,1
-522,374,1
-320,588,1
154,-40,1
-450,194,1
-605,146,1
657,550,1
787,28,1
346,-1026,1
-636,325,1
760,-430,1
-237,817,1
593,421,1
226,495,1
-253,-100,1
-207,-576,1
-588,410,1
-1092,121,1
-908,-783,1
129,-217,1
-522,-209,1
-308,-337,1
-1032,201,1
455,758,1
-881,240,1
215,1336,1
-520,1247,1
-112,0,0
219,172,1
-350,245,1
203,-462,1
-75,0,0
-774,-780,1
-416,1171,1
-562,-1050,1
299,0,0
-329,0,0
109,279,1
-101,-868,1
-350,-137,1
-269,-460,1
-133,0,0
-403,698,1
843,-158,1
-34,18,1
-29,0,0
437,263,1
66,-1164,1
669,-367,1
-167,0,0
247,401,1
145,-702,1
196,168,1
913,519,1
178,-276,1
-210,42,1
-311,106,1
123,539,1
-49,-1393,1
502,-324,1
-291,-764,1
-195,0,0
-434,-269,1
143,-546,1
284,291,1
-1054,215,1
332,651,1
-136,-449,1
263,13,1
-713,-539,1
10,961,1
296,0,0
513,341,1
-431,393,1
259,853,1
1209,-211,1
582,1069,1
-261,-382,1
496,725,1
-651,-243,1
43,322,1
-866,-889,1
-289,-524,1
187,109,1
-382,1184,1
-971,220,1
-1000,-848,1
139,0,0
-248,-845,1
-462,1343,1
169,-84,1
265,-637,1
108,846,1
950,-84,1
335,-197,1
175,-144,1
-852,-1066,1
-100,1304,1
-333,-568,1
-238,39,1
-192,843,1
158,0,0
845,-342,1
140,0,0
-570,468,1
-509,-36,1
-433,-1047,1
-28,622,1
-620,-200,1
-523,-297,1
-12,-176,1
-620,-1739,1
-28,566,1
-9,0,0
55,-641,1
-770,-1145,1
274,-778,1
973,755,1
465,105,1
-152,0,0
626,-452,1
-425,-882,1
-511,1260,1
-836,928,1
-241,50,1
-294,-338,1
-14,0,0
-430,-277,1
345,522,1
-47,0,0
362,0,0
-2,-76,1
-753,-334,1
240,0,0
122,-891,1
-624,41,1
190,0,0
-1253,45,1
-498,-486,1
678,954,1
101,353,1
-1743,-849,1
-768,-817,1
289,-149,1
-267,-406,1
-56,0,0
93,206,1
-1068,-364,1
393,-738,1
231,0,0
298,-620,1
-121,-647,1
78,-863,1
-3,-262,1
-121,0,0
-202,-63,1
-346,-509,1
1300,263,1
-375,-677,1
527,483,1
-1013,-167,1
-8,0,0
-682,-836,1
133,0,0
39,-764,1
-62,0,0
458,525,1
570,984,1
13,335,1
431,593,1
-140,-950,1
-529,1100,1
20,-642,1
-138,0,0
397,136,1
16,0,0
802,-721,1
88,-881,1
-810,-428,1
-793,1157,1
0,0,0
170,0,0
-496,-608,1
-364,701,1
-213,474,1
388,194,1
516,-434,1
-701,-1042,1
-383,161,1
95,-129,1
-593,-610,1
-713,246,1
-392,0,0
-328,0,0
205,0,0
278,0,0
194,261,1
-375,29,1
-66,244,1
-298,938,1
380,-400,1
435,0,0
1156,1160,1
460,139,1
129,-555,1
-21,-283,1
-226,0,0
517,95,1
441,363,1
202,0,0
13,204,1
-880,1120,1
-169,0,0
937,-107,1
-235,-67,1
224,-535,1
-12,-830,1
156,94,1
514,36,1
-100,-492,1
-19,0,0
-1024,-158,1
343,195,1
480,-609,1
-772,847,1
564,487,1
535,-1030,1
-70,-1322,1
256,-207,1
265,0,0
946,-419,1
-1044,-235,1
454,-419,1
107,0,0
-229,0,0
-86,-580,1
-202,50,1
-542,-1005,1
-664,-665,1
513,617,1
-21,438,1
81,254,1
400,-1023,1
59,302,1
448,495,1
415,692,1
354,-471,1
1341,622,1
847,487,1
692,-745,1
127,0,0
566,413,1
25,0,0
100,0,0
38,546,1
884,-149,1
308,-90,1
512,316,1
117,-597,1
764,784,1
20,0,0
270,-1068,1
-277,-203,1
65,0,0
-531,950,1
-241,953,1
-83,0,0
-648,2,1
278,1450,1
-192,-714,1
130,-991,1
-401,-733,1
470,-624,1
393,-524,1
-219,1379,1
582,560,1
298,57,1
-731,-773,1
-73,-175,1
411,403,1
-699,433,1
288,754,1
-18,-238,1
1439,-441,1
1,42,1
-995,160,1
-72,-422,1
-70,-28,1
28,0,0
-604,259,1
123,0,0
130,0,0
-1093,713,1
-173,676,1
-890,-798,1
146,1079,1
-530,-499,1
123,0,0
-133,0,0
451,-538,1
81,332,1
301,0,0
800,-374,1
-790,406,1
-407,300,1
58,0,0
-94,0,0
-677,28,1
-383,-607,1
36,1195,1
-147,-551,1
-262,-247,1
-42,-112,1
205,153,1
-976,-461,1
1079,-284,1
-811,-440,1
25,1130,1
444,-535,1
-547,-164,1
488,-216,1
55,0,0
-211,919,1
682,110,1
519,-169,1
593,538,1
511,199,1
-163,670,1
72,213,1
-576,-72,1
30,0,0
-633,1173,1
35,0,0
-108,-384,1
1370,-1240,1
-199,0,0
302,352,1
83,0,0
1033,58,1
-26,-170,1
370,94,1
714,-1212,1
-719,-723,1
354,-533,1
287,-1019,1
-1341,-58,1
169,31,1
-342,24,1
-246,360,1
130,0,0
415,-468,1
-575,-504,1
-33,228,1
-57,0,0
-642,-1361,1
-1165,-728,1
-308,0,0
-10,0,0
746,548,1
418,322,1
-255,447,1
317,0,0
75,-966,1
-709,-145,1
733,281,1
800,-324,1
-133,74,1
-305,1157,1
235,485,1
609,-161,1
137,0,0
386,-80,1
875,908,1
479,268,1
146,-93,1
408,-218,1
163,-19,1
368,-573,1
-546,427,1
276,-492,1
160,-323,1
640,320,1
127,0,0
102,443,1
36,0,0
-372,244,1
-207,1107,1
66,0,0
-545,497,1
620,-201,1
125,0,0
-78,509,1
676,527,1
-45,-224,1
-339,57,1
1545,-90,1
-458,-45,1
-63,-217,1
-152,-983,1
42,0,0
-495,711,1
604,490,1
-640,738,1
41,0,0
-64,-2,1
-504,-60,1
43,0,0
-764,84,1
987,-196,1
41,-283,1
-448,139,1
-319,-13,1
-94,0,0
-590,84,1
-698,-921,1
683,-711,1
-830,-923,1
346,1487,1
198,-97,1
-84,87,1
-323,366,1
-241,-795,1
195,-547,1
-59,0,0
-438,-1071,1
-226,-186,1
-655,807,1
173,-737,1
272,534,1
315,-37,1
-230,0,0
498,-110,1
135,0,0
66,-127,1
-83,0,0
1133,829,1
121,-210,1
666,696,1
-385,-1030,1
553,-44,1
-813,133,1
314,-524,1
835,1020,1
277,-534,1
41,0,0
-1070,67,1
81,0,0
-155,41,1
217,508,1
7,621,1
811,11,1
-47,0,0
-57,0,0
-115,0,0
-177,0,0
-465,-1135,1
-31,314,1
-21,0,0
-133,0,0
714,-442,1
26,0,0
-709,-411,1
-144,0,0
-628,1431,1
-167,397,1
-982,-730,1
-534,-1276,1
100,-108,1
-22,-213,1
124,1197,1
-26,0,0
-181,-58,1
-345,-630,1
-2,0,0
36,0,0
57,51,1
-412,0,0
-505,780,1
203,-234,1
368,-194,1
110,0,0
28,88,1
-115,-250,1
-267,0,0
238,0,0
204,0,0
959,-19,1
-214,0,0
45,987,1
285,-518,1
-93,-891,1
-136,0,0
749,-425,1
-48,-475,1
941,492,1
186,0,0
85,-1482,1
457,-288,1
-128,-126,1
106,-97,1
-311,102,1
47,0,0
1339,1102,1
-173,661,1
189,0,0
751,-806,1
-985,-20,1
-146,0,0
-161,-115,1
-33,505,1
-331,446,1
3,0,0
-81,294,1
65,0,0
-1162,527,1
-49,0,0
17,0,0
-8,253,1
-189,-10,1
154,0,0
69,278,1
744,40,1
123,0,0
-372,-269,1
-242,0,0
648,-627,1
126,0,0
76,-45,1
8,0,0
-402,-305,1
-498,210,1
-404,583,1
-156,0,0
-230,645,1
1071,-396,1
-16,0,0
33,0,0
-71,-1523,1
-266,654,1
-469,637,1
-1136,-98,1
768,-92,1
10,0,0
1563,71,1
-40,1054,1
-74,272,1
-65,113,1
306,-1316,1
-378,-245,1
70,0,0
-35,0,0
408,774,1
-683,306,1
123,0,0
-888,355,1
-64,-130,1
141,-119,1
-36,0,0
-418,-895,1
1033,-501,1
-905,-98,1
396,283,1
-849,-495,1
581,-356,1
324,506,1
60,-973,1
436,-450,1
-110,-273,1
-151,-1514,1
-412,14,1
-578,-1258,1
810,-59,1
-4,-400,1
131,135,1
670,-43,1
380,-468,1
-1144,-68,1
714,193,1
-753,348,1
-420,-69,1
-328,1302,1
-528,450,1
128,-487,1
714,734,1
44,0,0
-490,836,1
1293,195,1
-652,-523,1
-215,218,1
-3,0,0
44,-491,1
-349,656,1
-1034,-1263,1
-60,-28,1
225,419,1
-1299,-148,1
883,320,1
-1083,-170,1
-256,0,0
-364,717,1
425,505,1
702,339,1
1486,-348,1
-346,864,1
-25,732,1
359,1495,1
226,379,1
-123,518,1
128,-781,1
-41,-561,1
-757,-544,1
-600,-851,1
585,-512,1
335,376,1
9,-63,1
-716,26,1
289,-78,1
-138,-871,1
149,514,1
293,0,0
516,550,1
-962,120,1
25,55,1
-277,0,0
311,0,0
588,1210,1
131,0,0
-699,-495,1
-227,-243,1
340,-554,1
-876,-168,1
404,-577,1
649,102,1
-31,0,0
231,747,1
-16,0,0
-725,-406,1
-490,0,0
205,203,1
407,-305,1
-200,0,0
-124,-270,1
44,0,0
-583,31,1
347,0,0
447,349,1
-670,-132,1
710,764,1
363,-818,1
147,0,0
-888,-236,1
219,102,1
28,0,0
54,0,0
70,0,0
157,410,1
-930,824,1
1601,517,1
-301,-808,1
-150,39,1
-47,227,1
-959,-352,1
-439,307,1
-517,-1271,1
-339,-274,1
618,624,1
272,219,1
-447,-835,1
856,733,1
167,0,0
275,-815,1
-246,-670,1
293,-1252,1
-582,-106,1
294,-33,1
336,-874,1
-1049,584,1
-53,-485,1
-289,-446,1
233,0,0
-581,-109,1
686,701,1
350,1255,1
-12,445,1
-537,409,1
-438,368,1
202,0,0
-429,0,0
-466,764,1
-151,0,0
249,467,1
-336,-127,1
-171,-323,1
-1728,-743,1
-416,-434,1
-722,408,1
-400,-583,1
511,-651,1
408,982,1
-1281,-351,1
67,-887,1
932,82,1
556,-52,1
539,-485,1
-376,0,0
-193,-181,1
1434,-1562,1
-981,659,1
-797,-59,1
3,689,1
642,844,1
-86,0,0
-369,0,0
-588,-638,1
-356,0,0
-122,0,0
549,269,1
865,75,1
-231,0,0
703,304,1
83,0,0
-438,190,1
74,384,1
60,150,1
111,362,1
162,0,0
-379,562,1
-359,463,1
-13,769,1
58,227,1
-540,402,1
43,0,0
238,0,0
-210,12,1
-96,-629,1
-485,-1183,1
-242,-180,1
145,-359,1
-198,801,1
-55,0,0
112,161,1
-255,-247,1
-25,226,1
-312,-293,1
-761,-516,1
46,-216,1
265,891,1
150,0,0
352,-354,1
-103,532,1
-268,-393,1
456,381,1
150,0,0
-680,1334,1
288,-820,1
-170,0,0
-789,-250,1
-206,-144,1
70,492,1
433,-1183,1
264,125,1
-117,-68,1
188,-1399,1
148,1007,1
296,-84,1
154,769,1
60,0,0
-388,879,1
-878,393,1
147,719,1
452,621,1
395,-716,1
-113,0,0
369,518,1
-436,119,1
-84,630,1
-42,1000,1
711,-483,1
423,8,1
126,0,0
306,5,1
-631,232,1
-176,256,1
484,-587,1
585,1108,1
280,83,1
487,468,1
-206,389,1
628,-1079,1
1157,475,1
61,117,1
-119,755,1
-265,-626,1
145,0,0
-546,35,1
240,0,0
-275,-1018,1
-434,222,1
175,66,1
-247,196,1
457,0,0
-425,-564,1
25,835,1
-64,0,0
-44,469,1
75,348,1
-585,-580,1
80,-714,1
995,442,1
85,277,1
-167,-25,1
425,361,1
-832,692,1
85,-549,1
-892,843,1
-524,695,1
486,-171,1
435,-245,1
466,-502,1
-147,0,0
-423,-904,1
-1475,-633,1
-483,-1349,1
-165,273,1
-493,343,1
166,562,1
-70,0,0
-217,0,0
187,0,0
293,-48,1
-845,-351,1
433,-523,1
-489,-482,1
235,511,1
-91,0,0
65,-101,1
-600,-372,1
-717,358,1
310,-17,1
-46,483,1
11,-180,1
570,69,1
-53,140,1
301,699,1
598,-55,1
-44,-915,1
-958,-235,1
102,-138,1
-258,0,0
401,-381,1
32,-762,1
480,-525,1
-365,443,1
92,-39,1
9,-467,1
-234,221,1
494,-1445,1
-1311,-447,1
66,-309,1
-38,177,1
29,0,0
-450,-497,1
99,554,1
444,635,1
-64,-737,1
609,-202,1
-778,438,1
599,359,1
95,137,1
91,0,0
441,167,1
-139,-313,1
634,401,1
-481,457,1
145,828,1
73,0,0
-72,0,0
122,-542,1
-140,-189,1
-94,-670,1
-568,1047,1
-10,0,0
-10,-5,1
70,0,0
584,432,1
508,345,1
926,368,1
-247,0,0
-15,0,0
462,-350,1
-537,-508,1
276,0,0
24,0,0
31,1027,1
1295,-691,1
807,-120,1
-138,0,0
-103,0,0
-431,-650,1
-257,-419,1
756,-830,1
-496,-95,1
55,0,0
-1114,-1021,1
322,429,1
-594,1224,1
-11,0,0
-677,-197,1
210,0,0
205,109,1
819,-274,1
671,381,1
-458,1157,1
717,483,1
-1072,258,1
-540,-175,1
1077,-1149,1
763,13,1
-227,-766,1
264,0,0
-308,0,0
838,397,1
-55,-1032,1
-296,0,0
335,-8,1
-415,-617,1
295,0,0
130,-563,1
-53,0,0
-31,-241,1
1219,-414,1
980,-129,1
-280,514,1
-255,-11,1
422,23,1
-73,-1262,1
-202,272,1
257,-738,1
-510,-751,1
-173,0,0
-153,-467,1
387,849,1
297,0,0
472,295,1
-951,172,1
115,-90,1
-167,-682,1
-467,-339,1
-350,-419,1
-442,327,1
-59,0,0
120,0,0
41,-39,1
295,0,0
-1094,-708,1
1061,-101,1
-68,0,0
582,-510,1
-175,914,1
140,-389,1
-14,149,1
270,236,1
81,0,0
-1278,-312,1
-394,907,1
275,320,1
1024,-89,1
-191,0,0
-892,1238,1
221,-117,1
183,364,1
-556,-283,1
-129,-459,1
138,0,0
518,1471,1
148,-26,1
472,0,0
-393,34,1
135,163,1
26,0,0
-29,-413,1
-307,42,1
-421,362,1
-544,121,1
-35,0,0
-1188,-679,1
1494,-436,1
-1277,-839,1
-89,119,1
45,449,1
178,0,0
-311,133,1
47,0,0
477,478,1
-864,173,1
256,1328,1
134,-536,1
82,145,1
955,-914,1
-1235,-599,1
221,-180,1
-353,-405,1
806,-809,1
643,-444,1
100,0,0
95,-651,1
-492,121,1
133,0,0
-527,351,1
316,0,0
160,1179,1
150,480,1
-260,-124,1
572,-84,1
-324,-133,1
-600,-1091,1
-8,448,1
-85,0,0
-743,723,1
-245,-55,1
-181,0,0
-403,667,1
-238,-734,1
-2,-209,1
396,353,1
976,-551,1
753,-646,1
-802,626,1
-219,0,0
-112,0,0
26,-800,1
424,-913,1
-253,-673,1
-14,-401,1
29,155,1
170,-226,1
-477,-18,1
760,-817,1
-829,615,1
185,-465,1
-76,400,1
-87,-570,1
-470,-577,1
422,-1080,1
-166,0,0
-256,-505,1
810,400,1
191,-972,1
570,549,1
-197,-146,1
-530,716,1
298,-3,1
121,0,0
-581,-311,1
-454,-548,1
-650,-121,1
-822,1013,1
-544,448,1
748,-790,1
138,0,0
-702,164,1
25,-144,1
-571,-787,1
-111,412,1
-26,310,1
-649,-167,1
20,0,0
-1300,-481,1
107,-104,1
1196,563,1
-175,306,1
-341,-253,1
173,-166,1
65,734,1
-946,-718,1
173,143,1
671,-257,1
531,-551,1
718,-800,1
-169,0,0
7,-631,1
172,-561,1
-193,-515,1
87,198,1
202,-448,1
-304,296,1
294,10,1
415,16,1
100,-109,1
-167,0,0
594,174,1
236,0,0
-66,-581,1
-539,-770,1
222,0,0
99,165,1
-1471,778,1
30,0,1
-825,-583,1
-1783,-236,1
210,0,0
4,0,0
315,-100,1
-1302,358,1
362,372,1
787,-1,1
-740,-297,1
-473,187,1
-294,0,0
-134,0,0
134,0,0
527,54,1
369,1169,1
491,-847,1
-29,-82,1
-493,-45,1
-389,-413,1
604,-806,1
41,0,0
-102,0,0
739,-1046,1
0,718,1
407,-307,1
-1239,47,1
362,0,0
100,-1059,1
-7,0,0
254,-537,1
369,96,1
215,-512,1
-788,439,1
821,-689,1
160,-343,1
424,706,1
184,600,1
-643,192,1
110,147,1
-167,-165,1
426,532,1
24,-210,1
14,0,0
139,0,0
386,-304,1
20,775,1
-135,476,1
190,1700,1
-203,270,1
683,689,1
-145,0,0
-84,0,0
63,233,1
-131,0,0
972,-161,1
669,800,1
-288,-276,1
417,-869,1
-153,0,0
-625,-1038,1
708,953,1
1368,840,1
-119,521,1
806,28,1
-18,0,0
197,0,0
-584,-725,1
-64,552,1
-681,-742,1
-1185,121,1
715,991,1
-72,-315,1
-524,370,1
89,0,0
-345,0,0
-148,0,0
428,-438,1
-153,0,0
-720,785,1
100,1359,1
-372,-159,1
386,-1172,1
184,-401,1
138,356,1
44,581,1
1132,-433,1
-480,-211,1
-711,-125,1
-103,0,0
232,-1165,1
224,207,1
1253,141,1
-216,265,1
361,-544,1
25,0,0
-216,0,0
345,-380,1
-1005,-463,1
679,406,1
51,0,0
-633,37,1
214,-576,1
309,129,1
-208,872,1
266,-331,1
725,-176,1
-1029,519,1
-96,0,0
-1270,-442,1
-134,0,0
-78,0,0
349,90,1
-66,310,1
141,-89,1
-793,25,1
-213,0,0
-517,25,1
421,303,1
-269,993,1
-316,-259,1
399,386,1
-75,804,1
14,0,0
311,-719,1
549,-1855,1
-523,160,1
-281,16,1
697,66,1
343,1410,1
-480,232,1
-361,-727,1
549,-328,1
425,-124,1
457,-74,1
-44,253,1
-527,-325,1
-20,0,0
233,398,1
50,191,1
-362,-326,1
656,356,1
-447,187,1
58,460,1
220,384,1
-147,-593,1
-148,-704,1
-63,0,0
-415,44,1
519,-853,1
537,-225,1
696,4,1
-392,-89,1
83,0,0
-47,-778,1
-1342,440,1
-592,408,1
33,382,1
-528,-347,1
-269,1106,1
-950,676,1
-521,227,1
-421,-582,1
-816,190,1
229,0,0
194,0,0
-189,-660,1
14,0,0
-627,332,1
559,-1020,1
-617,-47,1
126,0,0
188,-320,1
269,0,0
1110,-527,1
-274,398,1
97,0,0
-756,449,1
-663,145,1
-201,499,1
77,0,0
12,0,0
5,0,0
-1026,-1590,1
68,159,1
-126,131,1
-70,0,0
209,-204,1
417,103,1
-570,929,1
-58,0,0
612,-170,1
-7,0,0
201,0,0
93,0,0
238,0,0
311,0,0
-214,-582,1
211,0,0
-86,0,0
-818,-249,1
-35,0,0
-120,-1169,1
564,-675,1
289,663,1
-798,-57,1
31,0,0
-140,0,0
-14,0,0
185,588,1
187,0,0
-68,577,1
-193,0,0
-45,-402,1
-987,351,1
-43,0,0
26,0,0
73,0,0
-901,707,1
53,0,0
-73,0,0
-468,-487,1
460,-347,1
-87,0,0
-149,0,0
-232,0,0
-172,0,0
-371,-323,1
-90,-2,1
-61,0,0
-925,33,1
137,218,1
-44,0,0
-128,0,0
-192,0,0
-390,98,1
470,585,1
174,0,0
215,324,1
562,-460,1
352,0,0
38,0,0
144,-648,1
-1,0,0
51,0,0
554,74,1
-192,0,0
-195,0,0
326,0,0
319,0,0
87,0,0
-164,52,1
254,-84,1
-235,0,0
-159,0,0
265,0,0
542,-326,1
764,209,1
1290,-920,1
-441,360,1
-249,58,1
24,0,0
-609,-741,1
-117,0,0
176,484,1
260,371,1
680,-232,1
882,-211,1
105,0,0
367,-118,1
342,0,0
-21,0,0
73,0,0
-179,0,0
-305,0,0
-885,821,1
-711,234,1
-388,380,1
271,1219,1
137,939,1
116,0,0
-415,301,1
291,-607,1
123,0,0
-70,0,0
412,261,1
222,804,1
-53,-214,1
-53,0,0
-191,-657,1
-370,-106,1
-719,856,1
103,0,0
-200,0,0
21,0,0
38,0,0
-6,0,0
483,172,1
36,0,0
-103,34,1
88,0,0
102,0,0
-193,0,0
699,819,1
11,0,0
24,-276,1
332,1,1
-410,214,1
248,0,0
-60,0,0
-394,87,1
34,0,0
-43,0,1
129,0,0
44,0,0
-81,0,0
84,944,1
-34,0,0
-149,0,0
598,-139,1
106,749,1
-113,0,0
102,0,0
-11,0,0
-2,541,1
-1310,221,1
331,-325,1
76,0,0
64,0,0
-848,-333,1
44,0,0
810,-1070,1
-58,0,0
-417,944,1
470,-1594,1
-712,189,1
285,0,0
-459,0,0
-93,0,0
262,0,0
-876,-376,1
484,694,1
-409,663,1
380,57,1
-16,140,1
156,324,1
-144,436,1
62,1101,1
303,0,0
-37,242,1
69,0,0
-743,-157,1
-622,-405,1
603,-492,1
-150,-749,1
-334,0,0
85,0,0
250,-244,1
221,0,0
245,0,0
-84,0,0
87,0,0
-138,0,0
197,-477,1
184,0,0
-182,-269,1
481,-143,1
-361,0,0
68,0,0
29,0,0
121,0,0
213,0,0
28,0,0
-135,-434,1
83,0,0
-124,0,0
-904,-95,1
-279,-100,1
290,-923,1
120,0,0
652,-1080,1
-110,0,0
119,0,0
-137,0,0
268,-1173,1
-330,346,1
-254,0,0
49,0,0
22,304,1
-465,-444,1
-80,0,0
47,0,0
-100,0,0
166,0,0
248,809,1
622,-103,1
-132,0,0
231,603,1
202,0,0
-272,0,0
437,0,0
-292,-252,1
847,-695,1
-108,-67,1
1596,222,1
86,0,0
-437,0,0
-507,-721,1
356,-576,1
-80,0,0
196,0,0
-214,0,0
-309,-705,1
-291,-834,1
-327,828,1
-223,0,0
86,0,0
-1054,-184,1
731,783,1
-115,0,0
183,259,1
-117,-845,1
41,0,0
165,0,0
482,809,1
120,0,0
97,76,1
-170,0,0
104,0,0
134,343,1
-446,243,1
17,0,0
30,0,0
-801,1225,1
110,-603,1
637,-142,1
-239,0,0
-72,0,0
-693,257,1
-61,0,0
39,0,0
-78,-75,1
-1935,381,1
118,0,0
-338,768,1
63,0,0
-80,0,0
113,0,0
-8,0,0
-62,0,0
68,833,1
36,0,0
88,-751,1
265,0,0
344,0,0
-238,0,0
-313,787,1
-401,608,1
-25,0,0
-70,0,0
-32,-567,1
163,0,0
94,0,0
-601,444,1
-88,52,1
268,0,0
-441,-922,1
522,-365,1
-330,645,1
129,0,0
679,1268,1
-873,-456,1
-1508,-110,1
50,0,0
181,554,1
-318,285,1
51,0,0
69,0,0
-182,0,0
354,0,0
5,0,0
-97,0,0
-8,0,0
53,0,0
-172,0,0
288,-94,1
-137,0,0
-40,0,0
263,-552,1
15,0,0
-81,0,0
325,-44,1
-304,-30,1
126,0,0
50,602,1
-133,0,0
-754,-223,1
-618,752,1
14,0,0
42,0,0
-80,0,0
-91,-84,1
-394,86,1
193,0,0
59,0,0
-89,0,0
-58,-239,1
-173,-160,1
-41,0,0
-122,0,0
26,0,0
-221,0,0
49,0,0
251,214,1
6,0,0
-156,-214,1
712,102,1
75,0,0
-400,0,0
-149,0,0
-67,0,0
93,0,0
70,0,0
-986,565,1
352,-540,1
-265,-526,1
-66,0,0
135,0,0
-148,0,0
-85,0,0
-176,0,0
-212,0,0
-32,0,0
-686,-269,1
-583,426,1
93,0,0
-77,0,0
805,-6,1
45,0,0
-71,0,0
430,-380,1
279,0,0
390,279,1
403,498,1
-31,0,0
-478,77,1
1399,-239,1
444,-220,1
390,0,0
258,-633,1
106,0,0
100,-933,1
1114,240,1
-484,-534,1
228,-132,1
-103,0,0
-79,0,0
14,0,0
992,6,1
-25,0,0
-196,0,0
2,0,0
-83,0,0
-253,0,0
-81,0,0
-339,-192,1
-96,0,0
293,100,1
136,701,1
-3,0,0
-156,0,0
-33,0,0
392,0,0
-105,0,0
-73,0,0
-123,0,0
25,0,0
-100,-539,1
396,382,1
560,-213,1
-325,0,0
94,0,0
147,0,0
-413,210,1
275,0,0
-164,0,0
-185,-468,1
-237,0,0
-220,0,0
-58,0,0
-290,0,0
-18,0,0
17,-1205,1
-101,-449,1
-64,0,0
-507,508,1
-107,0,0
-704,588,1
-56,55,1
355,-307,1
-315,0,0
-133,-355,1
162,0,0
-172,258,1
81,0,0
170,-277,1
53,0,0
110,0,0
485,-936,1
258,0,0
142,-653,1
-115,0,0
-32,0,0
-340,0,0
-572,-795,1
23,0,0
-122,0,0
-576,87,1
676,-1343,1
112,0,0
181,1135,1
80,0,0
227,0,0
-149,-575,1
611,54,1
-282,600,1
-445,0,0
28,0,0
424,-451,1
1073,-780,1
119,0,0
-245,-266,1
-44,-130,1
-37,0,0
-187,0,0
-45,1016,1
130,0,0
-47,-950,1
-101,0,0
-63,0,0
59,0,0
-506,-560,1
-588,1249,1
97,0,0
212,0,0
1704,233,1
0,0,0
250,0,0
-40,0,0
93,0,0
32,0,0
651,-855,1
217,463,1
537,-367,1
116,0,0
-123,318,1
-682,-12,1
-288,-45,1
136,-42,1
12,0,0
342,270,1
57,0,0
73,0,0
2048,84,1
229,0,0
68,918,1
210,534,1
181,0,0
-183,409,1
116,-256,1
417,-1191,1
-232,0,0
-137,-462,1
-169,0,0
194,0,0
797,436,1
439,668,1
-58,0,0
167,0,0
31,-137,1
437,-376,1
-3,0,0
-1230,729,1
-90,0,0
-60,0,0
16,-211,1
85,0,0
0,0,0
174,0,0
215,0,0
-82,0,0
307,272,1
-134,0,0
-345,0,0
-426,31,1
-188,0,0
-414,-548,1
77,0,0
329,-687,1
-77,-385,1
-27,-401,1
721,99,1
-45,0,0
222,384,1
-17,0,0
12,-313,1
158,0,0
-125,0,0
36,584,1
-1066,-1253,1
352,-83,1
-1325,-457,1
458,-147,1
782,-324,1
444,821,1
-85,0,0
-234,0,0
23,-518,1
152,-578,1
-34,-60,1
23,0,0
352,0,0
141,0,0
62,0,0
-65,0,0
-4,0,0
163,0,0
-845,-259,1
433,217,1
336,0,0
97,769,1
524,386,1
-253,0,0
211,443,1
13,0,0
405,539,1
61,0,0
-172,-136,1
-6,0,0
203,0,0
201,0,0
23,590,1
-176,0,0
560,-442,1
44,0,0
310,-73,1
131,0,0
281,0,0
449,30,1
-738,1039,1
144,701,1
692,-367,1
502,460,1
-139,-240,1
-1477,-779,1
7,0,0
-103,0,0
130,0,0
-229,0,0
-96,-158,1
43,0,0
-24,0,0
-415,0,0
-298,0,0
816,-561,1
720,709,1
-39,0,0
-317,0,0
624,651,1
-21,260,1
-881,416,1
-928,-233,1
160,0,0
260,0,0
-95,0,0
200,0,0
-9,0,0
216,0,0
368,0,0
184,0,0
-2005,98,1
-195,0,0
28,-344,1
-947,476,1
87,0,0
158,623,1
282,-1359,1
347,418,1
-466,1155,1
-487,295,1
-239,-78,1
355,708,1
1042,-219,1
-276,787,1
45,-467,1
-107,0,0
260,-17,1
-804,-481,1
-132,0,0
49,0,0
-28,0,0
206,0,0
-119,0,0
231,-20,1
-122,0,0
129,0,0
-12,0,0
275,7,1
-286,-215,1
869,-1050,1
-450,-34,1
365,527,1
297,335,1
-118,0,0
-444,248,1
-853,180,1
199,0,0
209,0,0
78,0,0
-213,-114,1
153,-134,1
10,-593,1
-166,82,1
246,0,0
-65,226,1
42,0,0
97,0,0
-68,0,0
-679,-111,1
578,-606,1
3,921,1
367,-1028,1
13,0,0
-752,762,1
160,468,1
-857,-633,1
-202,539,1
58,0,0
12,845,1
280,-91,1
-237,0,0
-251,299,1
-197,0,0
479,777,1
-99,0,0
463,-352,1
929,-1186,1
30,0,0
461,-723,1
76,0,0
-468,741,1
-234,-405,1
-287,1310,1
-212,0,0
206,131,1
-144,0,0
-350,105,1
43,0,0
-127,0,0
-130,0,0
295,0,0
414,-174,1
109,0,0
-45,322,1
-32,427,1
86,0,0
-78,0,0
1114,-592,1
-304,-1115,1
385,0,0
-202,-207,1
299,0,0
17,0,0
-274,0,0
-96,0,0
32,0,0
61,0,0
-387,-586,1
-433,-513,1
-230,557,1
105,489,1
153,0,0
-87,-257,1
-5,0,0
184,0,0
-195,0,0
-905,503,1
14,0,0
115,0,0
131,-1823,1
-46,0,0
-26,0,0
123,0,0
825,-331,1
-79,971,1
68,0,0
791,626,1
73,0,0
-270,0,0
-456,544,1
56,0,0
-10,0,0
-562,1352,1
-52,0,0
-646,510,1
-501,0,0
-159,-334,1
384,0,0
78,0,0
163,0,0
-111,0,0
99,0,0
-74,-659,1
101,0,0
-14,0,0
730,417,1
307,699,1
-144,90,1
-712,-802,1
205,0,0
177,0,0
-233,0,0
3,501,1
629,-232,1
-157,0,0
66,0,0
249,-407,1
-628,-538,1
608,-1466,1
-5,0,0
1038,839,1
-20,0,0
-238,0,0
-217,0,0
173,110,1
-310,-445,1
160,0,0
334,-321,1
-290,130,1
519,-220,1
-7,0,0
220,0,0
68,0,0
-1119,216,1
-34,0,0
521,753,1
90,-1280,1
223,0,0
61,0,0
155,0,0
631,-279,1
56,0,0
502,67,1
238,370,1
316,0,0
399,469,1
-139,0,0
-316,0,0
20,0,0
150,0,0
-37,0,0
37,0,0
210,0,0
-114,0,0
185,-455,1
33,0,0
126,0,0
-37,0,0
62,0,0
-356,0,0
322,0,0
83,0,0
416,0,0
328,517,1
48,0,0
136,0,0
-750,189,1
393,557,1
54,0,0
162,554,1
6,0,0
29,529,1
204,0,0
-660,788,1
-201,0,0
-108,0,0
602,-551,1
467,-801,1
56,-107,1
-505,303,1
-48,0,0
236,0,0
-693,-10,1
-202,0,0
350,0,0
47,0,0
-162,304,1
-381,-827,1
1020,-552,1
209,-36,1
124,0,0
472,808,1
725,-332,1
-235,175,1
-349,745,1
605,1108,1
-384,437,1
-64,0,0
-4,0,0
265,-716,1
-164,-149,1
-109,0,0
-1,0,0
-242,0,0
-581,466,1
-689,463,1
-107,0,0
165,0,0
-69,-197,1
-826,535,1
42,0,0
527,-30,1
-289,0,0
-166,0,0
34,0,0
6,0,0
-88,0,0
200,790,1
-688,-112,1
843,84,1
-509,-283,1
-118,0,0
597,193,1
115,0,0
159,0,0
152,-419,1
-931,1223,1
112,-1399,1
-127,0,0
8,0,0
-7,0,0
126,0,0
23,0,0
-57,0,0
-37,0,0
222,622,1
-80,0,0
-802,959,1
99,223,1
-24,0,0
-70,0,0
-74,0,0
-19,0,0
-156,-3,1
1036,846,1
77,0,0
-176,-326,1
-73,0,0
12,-239,1
64,0,0
-127,0,0
723,-1005,1
-63,0,0
-1026,1196,1
-579,-104,1
44,-472,1
299,415,1
49,0,0
-45,0,0
143,0,0
89,0,0
-229,-200,1
34,0,0
28,0,0
-204,0,0
-491,-176,1
338,0,0
-409,-24,1
94,0,0
1438,-843,1
-54,161,1
250,0,0
-778,469,1
223,0,0
-559,164,1
-58,0,0
17,0,0
216,0,0
-286,0,0
63,0,0
155,0,0
-27,0,0
224,0,0
-132,0,0
824,262,1
54,0,0
-171,0,0
-346,0,0
-1207,-729,1
-263,-229,1
-362,-515,1
150,-341,1
-132,0,0
-57,0,0
-108,75,1
-608,705,1
295,-153,1
462,-487,1
-162,0,0
-195,0,0
-149,-476,1
-142,-556,1
64,0,0
-189,0,0
325,0,0
582,-204,1
-280,779,1
-610,18,1
-92,0,0
-98,0,0
-491,23,1
147,-151,1
38,335,1
-328,0,0
-2,0,0
-140,995,1
-130,0,0
-665,-53,1
854,117,1
-204,0,0
-200,0,0
70,0,0
121,-666,1
216,-1376,1
9,0,0
-366,-110,1
-605,744,1
-32,0,0
-36,0,0
112,123,1
-31,0,0
-264,0,0
-6,0,0
-8,0,0
30,0,0
-27,0,0
67,0,0
-50,0,0
116,0,0
-115,0,0
608,-1042,1
-68,0,0
-121,0,0
-522,-224,1
42,0,0
637,-171,1
727,-382,1
93,0,0
-202,0,0
-58,827,1
0,0,0
220,32,1
-302,0,0
841,938,1
-250,0,0
-268,-251,1
-47,0,0
11,0,0
458,-577,1
-40,0,0
-206,-580,1
87,0,0
-246,0,0
235,0,0
-21,0,0
-13,0,0
144,0,0
-922,-99,1
329,0,0
13,0,0
-700,141,1
-12,-946,1
-78,0,0
-47,0,0
-542,352,1
-180,0,0
-119,1794,1
-836,-263,1
-125,0,0
107,0,0
-104,388,1
29,0,0
316,155,1
-136,0,0
289,-798,1
-1162,324,1
-4,0,0
-267,0,0
189,0,0
-85,489,1
-98,0,0
-216,0,0
-114,-880,1
201,0,0
32,0,0
232,0,0
-32,0,0
-57,0,0
89,0,0
-240,0,0
-702,-777,1
11,0,0
-508,489,1
147,0,0
-79,0,0
446,243,1
-237,0,0
-257,0,0
351,-649,1
415,-616,1
-6,0,0
-231,0,0
294,0,0
1012,402,1
138,-581,1
250,0,0
-111,90,1
-124,0,0
814,177,1
-241,0,0
-398,0,0
-48,0,0
333,-674,1
483,0,0
858,143,1
-30,0,0
150,0,0
-205,0,0
156,-1102,1
-569,199,1
203,0,0
-31,0,0
147,0,0
133,0,0
3,0,0
-194,0,0
-106,0,0
-89,0,0
-20,0,0
-236,0,0
70,0,0
292,0,0
562,225,1
-811,179,1
102,0,0
270,0,0
-182,0,0
79,0,0
-668,-180,1
-166,0,0
-71,0,0
74,0,0
-180,0,0
53,0,0
-105,0,0
745,-28,1
194,-141,1
-937,-673,1
103,0,0
-367,-943,1
-44,330,1
-216,0,0
-917,-1313,1
181,0,0
30,0,0
-246,0,0
54,0,0
-75,0,0
60,0,0
-126,0,0
-88,0,0
-1180,564,1
-251,0,0
43,0,0
-122,0,0
191,0,0
36,0,0
149,0,0
91,0,0
-71,0,0
-123,0,0
78,0,0
119,0,0
20,0,0
-867,-1300,1
-75,0,0
-904,-206,1
-761,226,1
217,0,0
176,0,0
107,0,0
215,0,0
252,0,0
108,0,0
123,0,0
-186,0,0
-135,0,0
42,0,0
183,0,0
-950,-251,1
-294,0,0
-79,0,0
61,0,0
47,0,0
8,0,0
-545,-710,1
-127,0,0
26,0,0
-201,0,0
32,0,0
31,0,0
18,567,1
42,0,0
93,0,0
-701,-669,1
23,0,0
-41,0,0
137,0,0
3,0,0
402,-619,1
348,0,0
-13,0,0
49,0,0
-42,0,0
-12,0,0
199,0,0
-111,-879,1
528,-870,1
309,0,0
189,0,0
26,0,0
43,0,0
-82,0,0
-240,442,1
76,0,0
314,-534,1
-136,0,0
-90,0,0
195,0,0
157,0,0
484,-122,1
-186,0,0
793,164,1
376,0,0
-60,0,0
-6,0,0
-1522,253,1
187,198,1
-13,0,0
-92,0,0
212,0,0
42,703,1
-87,0,0
-82,0,0
187,0,0
182,0,0
558,451,1
8,0,0
-101,0,0
-97,0,0
-446,0,0
-243,0,0
155,0,0
-10,0,0
-520,-1,1
-569,480,1
-517,0,0
-138,0,0
-624,0,0
209,0,0
20,0,0
-681,-293,1
176,0,0
160,0,0
32,0,0
-118,371,1
208,0,0
-102,0,0
-375,47,1
170,0,0
18,0,0
-55,0,0
-180,0,0
-117,0,0
-214,0,0
-166,-46,1
296,0,0
839,180,1
147,0,0
130,0,0
-51,0,0
54,0,0
-152,47,1
373,0,0
-494,289,1
41,0,0
1,-836,1
151,0,0
-187,0,0
196,0,0
-280,0,0
-266,0,0
-90,0,0
-337,0,0
90,0,0
279,0,0
195,0,0
1303,31,1
55,0,0
185,-299,1
-39,0,0
-493,56,1
-273,0,0
-184,0,0
-74,0,0
377,887,1
-299,0,0
401,-40,1
321,0,0
-29,0,0
-7,0,0
711,-128,1
-53,0,0
-73,0,0
-39,0,0
194,0,0
-130,606,1
-28,0,0
196,0,0
-133,0,0
-42,0,0
-148,0,0
55,0,0
49,0,0
-107,0,0
79,0,0
-118,0,0
-346,0,0
-128,1824,1
-309,246,1
559,-565,1
-143,0,0
-25,0,0
-112,0,0
114,0,0
-45,0,0
-126,0,0
-59,1137,1
170,0,0
-87,0,0
161,0,0
181,0,0
40,0,0
-199,0,0
-33,0,0
-81,0,0
219,240,1
-5,0,0
35,-41,1
-136,0,0
-195,0,0
-107,0,0
590,564,1
269,0,0
52,0,0
243,0,0
-101,-523,1
-221,0,0
-90,0,0
-195,0,0
-288,0,0
281,-256,1
-65,0,0
176,0,0
256,0,0
-171,0,0
-269,0,0
8,-142,1
365,0,0
-37,0,0
-119,0,0
2,0,0
-180,0,0
91,681,1
-296,0,0
-53,0,0
213,0,0
-31,0,0
-294,338,1
-5,0,0
-60,0,0
-261,0,0
79,0,0
-135,0,0
471,-77,1
72,0,0
250,0,0
-75,0,0
-30,0,0
-274,0,0
82,0,0
572,224,1
-625,64,1
-74,0,0
-24,0,0
0,0,0
-225,0,0
9,0,0
149,0,0
643,619,1
71,0,0
238,0,0
279,0,0
-110,0,0
99,-41,1
57,0,0
-166,0,0
31,0,0
69,0,0
102,0,0
-90,0,0
-70,0,0
-176,0,0
425,-305,1
-1217,1515,1
74,0,0
-252,0,0
153,0,0
-439,514,1
-222,-948,1
162,0,0
713,-669,1
84,0,0
-179,0,0
31,0,0
-103,0,0
34,0,0
-33,0,0
459,414,1
-601,134,1
-80,0,0
691,462,1
-339,0,0
215,0,0
-288,42,1
-89,0,0
701,362,1
634,-318,1
-203,0,0
-131,0,0
-262,0,0
-322,-1056,1
-127,0,0
-199,-723,1
-136,0,0
226,0,0
204,0,0
-16,0,0
-708,-693,1
216,0,0
528,-263,1
-49,0,0
-165,0,0
-153,0,0
-125,0,0
-386,41,1
-30,0,0
-875,-238,1
50,0,0
257,-862,1
-139,0,0
12,0,0
-169,-684,1
41,0,0
-171,0,0
-42,0,0
22,0,0
151,0,0
-11,0,0
21,0,0
-53,0,0
174,0,0
238,-111,1
-68,0,0
133,0,0
-97,0,0
-782,123,1
-279,0,0
55,0,0
-487,690,1
171,0,0
146,0,0
53,0,0
-890,2048,1
-144,0,0
7,0,0
584,-549,1
-6,0,0
82,0,0
114,0,0
56,0,0
-741,76,1
15,0,0
71,0,0
-208,0,0
-213,0,0
56,137,1
756,1660,1
-189,-41,1
107,0,0
33,0,0
0,0,0
-403,0,0
82,0,0
614,752,1
225,1329,1
-191,0,0
132,0,0
78,0,0
456,-878,1
-194,132,1
-220,-260,1
52,65,1
-11,0,0
-249,0,0
268,0,0
-747,377,1
-144,0,0
-35,0,0
-38,0,0
-434,-30,1
-260,0,0
-59,0,0
-86,0,0
-102,0,0
42,0,0
41,0,0
359,0,0
-589,581,1
216,0,0
-139,0,0
-178,0,0
172,113,1
-221,0,0
11,0,0
-1278,-127,1
280,-331,1
-149,0,0
-6,0,0
319,0,0
290,0,0
1267,-760,1
6,0,0
67,0,0
-264,304,1
-413,450,1
669,-658,1
104,127,1
129,0,0
281,126,1
78,0,0
53,0,0
231,0,0
-287,0,0
-316,0,0
-48,0,0
94,0,0
-111,0,0
-479,-443,1
84,183,1
51,0,0
77,0,0
137,517,1
-99,0,0
-12,0,0
37,0,0
7,-1101,1
25,0,0
-79,0,0
715,-376,1
675,280,1
35,0,0
270,-85,1
-173,0,0
58,370,1
-37,0,0
-163,0,0
96,0,0
826,-211,1
512,629,1
-180,0,0
24,0,0
1036,555,1
-276,-671,1
285,0,0
99,0,0
-487,-565,1
17,323,1
97,0,0
2,0,0
-251,0,0
-89,0,0
-114,0,0
277,-616,1
79,0,0
154,0,0
-20,0,0
-643,-620,1
-186,0,0
-297,0,0
64,0,0
222,-748,1
2,0,0
393,0,0
777,-439,1
-144,0,0
-107,0,0
-63,0,0
614,80,1
8,0,0
37,0,0
142,0,0
58,0,0
-184,0,0
136,0,0
-216,0,0
221,0,0
-161,0,0
81,0,0
79,0,0
-182,122,1
145,0,0
-699,-647,1
-207,0,0
18,454,1
-24,0,0
-176,0,0
121,0,0
97,0,0
90,0,0
213,0,0
399,-419,1
202,0,0
152,0,0
66,0,0
-92,0,0
167,0,0
-221,0,0
138,0,0
982,-245,1
46,0,0
-291,0,0
-356,72,1
220,0,0
803,574,1
127,0,0
-1039,-611,1
-108,0,0
-239,0,0
255,-375,1
236,0,0
-47,0,0
125,0,0
50,0,0
18,0,0
-56,662,1
73,0,0
165,0,0
-47,0,0
127,0,0
-85,0,0
-86,0,0
51,0,0
-114,112,1
5,0,0
-62,0,0
-425,0,0
-210,0,0
-189,0,0
342,0,0
402,-189,1
33,0,0
-265,-286,1
-164,0,0
-693,555,1
120,-315,1
-225,0,0
573,714,1
294,0,0
211,0,0
0,0,0
58,0,0
173,-340,1
-246,0,0
655,1002,1
-130,0,0
33,0,0
-1025,323,1
-84,0,0
-595,-1372,1
-424,-287,1
21,0,0
73,0,0
-42,0,0
155,0,0
63,-795,1
28,0,0
197,-309,1
165,0,0
-1140,256,1
-143,0,0
32,0,0
-256,299,1
-20,0,0
115,0,0
4,0,0
-242,0,0
257,433,1
87,335,1
-112,0,0
918,-93,1
77,0,0
20,0,0
35,0,0
-159,0,0
359,0,0
-73,0,0
-197,0,0
64,0,0
-22,616,1
26,0,0
27,0,0
207,0,0
1130,-299,1
-203,0,0
181,0,0
-825,-438,1
-180,0,0
351,-88,1
8,0,0
58,0,0
-48,0,0
-302,0,0
204,307,1
11,0,0
382,0,0
348,-158,1
-79,0,0
-54,0,0
-670,-286,1
-243,249,1
-1046,422,1
-137,0,0
123,0,0
0,0,0
81,0,0
88,0,0
234,0,0
-293,568,1
-515,-373,1
-33,0,0
78,0,0
-273,-595,1
52,0,0
-184,0,0
-202,0,0
53,0,0
267,0,0
-226,0,0
-207,0,0
515,-116,1
227,-126,1
250,0,0
-123,0,0
951,-347,1
74,0,0
-99,0,0
2,0,0
14,0,0
-792,-224,1
-359,-238,1
-64,357,1
-75,0,0
160,0,0
-129,0,0
-4,0,0
-372,975,1
-403,86,1
208,0,0
-129,0,0
101,0,0
72,0,0
18,0,0
-527,-1182,1
22,0,0
-751,-100,1
-86,-549,1
-45,0,0
158,0,0
-83,0,0
407,-593,1
161,0,0
811,-597,1
150,-1291,1
-38,0,0
340,855,1
-205,0,0
-298,-553,1
-91,0,0
-285,0,0
302,0,0
59,0,0
85,0,0
-579,-695,1
212,0,0
622,-36,1
78,0,0
-245,0,0
194,0,0
408,338,1
-93,0,0
166,0,0
-253,0,0
-111,0,0
-10,0,0
-583,-460,1
-750,677,1
87,0,0
-883,-121,1
-256,0,0
91,0,0
-138,0,0
75,0,0
-174,0,0
364,-150,1
27,0,0
-167,0,0
-129,0,0
0,0,0
52,0,0
-496,-524,1
-431,0,0
62,0,0
-2,0,0
-23,0,0
82,0,0
135,0,0
-239,-437,1
-178,418,1
217,0,0
223,-468,1
69,0,0
23,0,0
950,-97,1
27,203,1
-48,-187,1
-170,870,1
-102,0,0
-1,0,0
-244,0,0
-134,0,0
-907,-746,1
-119,0,0
841,377,1
500,330,1
236,0,0
-105,0,0
47,0,0
-399,0,0
154,393,1
-645,-210,1
-104,0,0
48,0,0
-105,0,0
216,0,0
201,0,0
4,0,0
49,0,0
-20,278,1
-37,852,1
21,0,0
51,0,0
31,0,0
705,-136,1
117,0,0
242,0,0
38,459,1
-14,0,0
-226,0,0
-230,0,0
-94,0,0
-50,0,0
166,0,0
-114,90,1
646,722,1
-353,0,0
-99,0,0
-64,124,1
-187,266,1
67,0,0
351,0,0
-300,0,0
46,0,0
153,0,0
94,0,0
358,-232,1
47,0,0
-392,0,0
-648,668,1
-10,0,0
-488,-479,1
-58,-182,1
-74,0,0
218,0,0
12,-987,1
-117,0,0
185,0,0
-210,0,0
104,291,1
185,0,0
-276,0,0
-241,0,0
-870,332,1
336,-95,1
230,0,0
-502,-3,1
-75,0,0
-361,654,1
6,0,0
66,0,0
87,534,1
284,0,0
667,681,1
22,52,1
-132,-180,1
-23,1165,1
119,0,0
-524,62,1
-220,0,0
173,0,0
-46,0,0
-162,0,0
-99,-164,1
191,291,1
-260,-18,1
-7,0,0
25,126,1
-877,291,1
-67,0,0
-123,0,0
-93,0,0
-377,-259,1
81,1152,1
121,0,0
-154,0,0
360,0,0
125,0,0
-292,371,1
152,0,0
314,0,0
-2,-243,1
115,0,0
947,396,1
91,0,0
114,0,0
-176,0,0
-36,0,0
107,0,0
266,35,1
-15,0,0
889,-214,1
573,-529,1
-137,0,0
-35,0,0
177,0,0
68,0,0
-45,0,0
251,189,1
222,-675,1
89,0,0
290,0,0
220,0,0
34,0,0
-208,750,1
33,20,1
411,-397,1
159,0,0
244,0,0
138,0,0
365,-827,1
-71,0,0
-87,0,0
-54,0,0
-170,0,0
-88,0,0
219,381,1
160,0,0
-410,0,0
27,-835,1
143,0,0
52,0,0
291,0,0
7,-485,1
-514,-712,1
-68,0,0
125,0,0
156,0,0
-80,0,0
-152,0,0
66,431,1
191,0,0
-86,0,0
-306,0,0
-2,-199,1
323,607,1
-122,-61,1
-184,0,0
-141,-361,1
92,0,0
-601,557,1
147,0,0
586,5,1
-337,0,0
-90,0,0
-80,0,0
-294,0,0
77,-893,1
48,0,0
558,14,1
27,0,0
-38,0,0
265,-700,1
-422,91,1
-4,0,0
-557,-434,1
-967,532,1
-55,0,0
-55,0,0
-423,0,0
-140,0,0
-99,0,0
-233,0,0
466,-341,1
340,0,0
-157,-157,1
228,0,0
0,-709,1
75,0,0
79,0,0
74,0,0
-12,0,0
-82,0,0
128,0,0
265,373,1
-67,0,0
64,326,1
427,64,1
8,0,0
390,0,0
819,903,1
88,0,0
151,0,0
-174,0,0
-62,0,0
200,0,0
37,0,0
22,0,0
53,0,0
-752,-846,1
-181,0,0
1000,-347,1
67,0,0
-78,148,1
140,0,0
-38,635,1
248,0,0
79,0,0
-104,0,0
54,0,0
190,955,1
39,0,0
15,0,0
16,0,0
-147,108,1
-175,0,0
-302,0,0
106,0,0
112,0,0
-40,0,0
-352,-579,1
150,0,0
-203,0,0
-198,0,0
-866,372,1
-24,0,0
-72,155,1
30,0,0
67,0,0
-142,0,0
142,0,0
-64,0,0
62,0,0
-142,867,1
48,0,0
24,0,0
129,-36,1
-70,0,0
257,97,1
163,0,0
118,0,0
-47,0,0
-295,129,1
-55,712,1
269,-378,1
423,869,1
267,49,1
99,0,0
505,-25,1
520,-580,1
-195,-133,1
493,366,1
57,0,0
-745,-970,1
232,-710,1
323,-821,1
-268,-445,1
1125,411,1
132,0,0
-41,0,0
82,-178,1
229,0,0
-84,0,0
263,0,0
-201,0,0
180,37,1
-921,-888,1
61,-287,1
695,-1015,1
90,0,0
-58,0,0
149,-134,1
470,-194,1
157,0,0
-270,1352,1
-59,0,0
-145,0,0
-378,220,1
-173,268,1
-127,0,0
394,-116,1
746,-352,1
-51,0,0
659,-24,1
78,0,0
315,-281,1
-137,0,0
-311,0,0
-192,0,0
264,0,0
-164,0,0
-117,0,0
87,0,0
281,352,1
199,0,0
87,0,0
34,0,0
-199,242,1
111,0,0
-86,0,0
680,-380,1
-124,0,0
792,312,1
-45,0,0
264,-71,1
183,0,0
-119,0,0
-174,-87,1
-198,0,0
-16,0,0
-482,605,1
-61,0,0
-55,-10,1
158,-748,1
-107,0,0
221,-616,1
59,0,0
-320,880,1
-369,-136,1
53,-926,1
267,-453,1
47,-151,1
158,0,0
231,-40,1
3,0,0
294,-380,1
-81,0,0
-49,-182,1
670,-937,1
-793,-488,1
9,91,1
-21,0,0
457,-963,1
-480,889,1
324,741,1
619,983,1
126,-1270,1
-327,0,0
-398,614,1
50,0,0
255,0,0
-90,-380,1
191,0,0
-32,-259,1
340,63,1
206,0,0
943,-710,1
508,434,1
398,69,1
186,0,0
63,0,0
-91,0,0
135,-4,1
45,0,0
78,1011,1
-418,0,0
-265,0,0
358,245,1
-198,262,1
615,-650,1
-421,-393,1
-74,0,0
-256,0,0
-193,0,0
-4,0,0
241,-362,1
314,0,0
182,0,0
-37,0,0
-44,0,0
-189,0,0
-1223,383,1
144,0,0
-355,-833,1
-181,0,0
222,0,0
-150,553,1
2,0,0
-76,-220,1
71,-465,1
-113,-1659,1
-92,-669,1
119,-411,1
-105,0,0
94,-339,1
10,0,0
-130,0,0
-633,-360,1
949,599,1
-77,0,0
253,0,0
598,405,1
282,0,0
980,184,1
-413,433,1
652,1469,1
-1480,-280,1
34,0,0
-52,0,0
-56,0,0
428,0,0
-60,0,0
450,646,1
124,0,0
-600,-835,1
135,0,0
180,0,0
257,0,0
-1168,-593,1
0,0,0
-179,0,0
-823,-459,1
198,0,0
-61,0,0
222,-276,1
191,0,0
93,0,0
118,0,0
-85,0,0
-4,0,0
18,0,0
-70,0,0
166,0,0
-63,-270,1
216,-246,1
114,0,0
-37,0,0
22,0,0
144,0,0
293,428,1
54,695,1
-366,-567,1
62,0,0
224,0,0
-186,0,0
116,0,0
-121,0,0
475,-691,1
335,-563,1
1,0,0
-159,0,0
-159,0,0
578,146,1
-232,0,0
-326,0,0
-682,144,1
-189,0,0
186,-99,1
366,652,1
186,0,0
122,0,0
-97,0,0
-248,0,0
100,0,0
993,-1326,1
-22,687,1
55,0,0
244,524,1
-215,-114,1
-181,0,0
-396,0,0
314,-611,1
1197,-144,1
-210,0,0
681,-150,1
-498,-36,1
-631,591,1
345,548,1
249,0,0
256,0,0
-163,0,0
-24,0,0
-18,0,0
-182,0,0
889,699,1
-574,-358,1
234,0,0
-320,60,1
-482,595,1
148,1108,1
-211,0,0
-32,0,0
317,0,0
-1168,-1384,1
135,0,0
-137,0,0
256,0,0
219,0,0
937,367,1
-615,844,1
22,0,0
-134,0,0
-101,409,1
69,0,0
12,288,1
-351,365,1
400,186,1
-69,0,0
65,0,0
267,0,0
-35,0,0
189,0,0
-22,0,0
-233,0,0
116,0,0
-168,0,0
-55,0,0
-103,0,0
-339,-780,1
-202,-248,1
-710,-602,1
-137,538,1
19,0,0
488,-324,1
-27,0,0
-201,148,1
-176,0,0
80,0,0
142,0,0
170,0,0
610,-239,1
184,0,0
51,0,0
78,0,0
204,0,0
1012,-39,1
-142,0,0
-102,379,1
-24,0,0
-33,0,0
-122,874,1
183,0,0
343,0,0
-647,729,1
713,-375,1
72,497,1
-803,-112,1
135,0,0
34,299,1
260,0,0
214,-363,1
21,0,0
-121,0,0
187,0,0
-66,0,0
-78,414,1
227,0,0
23,0,0
-293,1474,1
-137,0,0
999,-409,1
1181,-92,1
231,-113,1
589,234,1
-786,874,1
-236,0,0
-224,0,0
35,0,0
-65,0,0
93,0,0
-105,0,0
11,0,0
304,0,0
-473,-319,1
240,0,0
673,325,1
-103,0,0
-113,0,0
-218,0,0
88,0,0
-139,0,0
0,0,0
150,0,0
-224,377,1
-26,224,1
-143,0,0
-39,0,0
93,0,0
-98,0,0
85,0,0
-307,-355,1
-40,0,0
-131,-355,1
52,0,0
-644,17,1
-296,0,0
194,81,1
-110,0,0
-147,0,0
592,74,1
234,0,0
-421,0,0
-133,0,0
-491,-438,1
-149,-943,1
-86,0,0
-580,9,1
188,-550,1
-60,0,0
-130,-218,1
533,-547,1
35,0,0
197,0,0
-575,-108,1
-188,0,0
-286,-552,1
-31,0,0
967,-169,1
152,0,0
-385,154,1
-20,0,0
-490,-523,1
-55,0,0
161,0,0
510,986,1
-2,-94,1
-21,281,1
-59,197,1
-390,0,0
52,0,0
597,-467,1
57,0,0
-158,0,0
294,0,0
-229,127,1
-28,0,0
169,0,0
82,-67,1
-187,-51,1
-135,-239,1
-128,0,0
-1280,367,1
603,-621,1
186,-290,1
-745,-52,1
313,74,1
1024,979,1
53,0,0
-6,192,1
-144,0,0
105,0,0
180,-574,1
-539,24,1
-695,727,1
-346,-451,1
-391,-478,1
115,0,0
199,417,1
74,0,0
19,0,0
110,0,0
290,474,1
556,556,1
-103,0,0
622,-926,1
394,106,1
552,1586,1
40,16,1
625,-761,1
-232,-814,1
-61,0,0
11,0,0
195,0,0
-275,0,0
541,-131,1
-5,-669,1
-1213,-1059,1
67,0,0
-791,-328,1
-76,0,0
-547,-84,1
28,0,0
-188,-577,1
-361,-599,1
81,0,0
-16,0,0
-158,1096,1
-258,0,0
-413,367,1
-32,0,0
-331,0,0
-81,0,0
136,-579,1
352,196,1
-230,-468,1
-133,0,0
-543,-212,1
196,0,0
340,0,0
-178,0,0
232,0,0
358,0,0
-573,249,1
426,441,1
153,0,0
-552,-246,1
13,0,0
-1112,786,1
448,-85,1
408,507,1
279,250,1
6,0,0
-187,-687,1
134,0,0
239,123,1
211,0,0
-767,-414,1
706,394,1
329,549,1
336,823,1
-260,0,0
428,320,1
146,536,1
153,0,0
441,-1266,1
-15,-145,1
485,-236,1
332,-714,1
232,-321,1
54,0,0
134,0,0
-285,-996,1
-79,-512,1
-27,-387,1
-328,599,1
-47,0,0
-281,363,1
426,-481,1
41,-760,1
387,0,0
-1023,-715,1
-161,0,0
130,0,0
-94,-306,1
-839,85,1
226,0,0
5,561,1
-1,-1017,1
85,0,0
32,0,0
-176,0,0
-730,897,1
54,0,0
-22,0,0
152,618,1
-107,0,0
112,0,0
-6,0,0
318,84,1
28,0,0
-360,-612,1
-86,23,1
-996,-195,1
463,-225,1
236,0,0
192,914,1
-131,0,0
-688,-583,1
-33,0,0
525,262,1
17,0,0
-265,0,0
7,0,0
-98,0,0
374,-128,1
474,68,1
-21,0,0
31,0,0
364,-431,1
310,587,1
64,0,0
66,0,0
-161,0,0
187,0,0
209,0,0
81,0,0
-184,0,0
-74,0,0
476,-207,1
166,0,0
-113,-542,1
1324,-251,1
299,0,0
257,203,1
52,0,0
341,407,1
230,122,1
-47,0,0
47,153,1
-369,-853,1
240,0,0
4,0,0
237,0,0
402,314,1
-125,698,1
-24,-364,1
235,-323,1
389,-104,1
-553,-1725,1
-32,0,0
228,460,1
-266,0,0
301,0,0
63,529,1
-60,0,0
2,0,0
524,494,1
328,-258,1
-149,0,0
83,0,0
37,576,1
-46,0,0
38,195,1
184,0,0
-397,573,1
-169,286,1
-602,682,1
708,-158,1
361,323,1
137,0,0
-213,0,0
309,0,0
-4,0,0
-62,0,0
-71,0,0
-165,0,0
-373,-181,1
215,0,0
-139,0,0
-552,291,1
419,-435,1
208,0,0
100,0,0
-507,-629,1
102,-423,1
-104,-677,1
-296,-395,1
183,0,0
54,0,0
-139,-388,1
-621,-651,1
25,0,0
117,0,0
439,-289,1
-850,-294,1
-1133,-33,1
0,0,0
-228,-21,1
-764,-10,1
1439,436,1
-322,277,1
148,576,1
1408,297,1
-18,0,0
135,0,0
158,0,0
-267,0,0
222,0,0
-325,0,0
-277,0,0
-119,51,1
412,0,0
-29,0,0
-100,0,0
184,0,0
-207,0,0
-20,-584,1
33,0,0
522,-101,1
281,201,1
-238,0,0
275,0,0
-82,0,0
137,0,0
-158,0,0
-92,0,0
120,-1362,1
-630,-964,1
107,0,0
149,0,0
908,-730,1
29,745,1
-251,136,1
91,0,0
103,0,0
-13,0,0
142,0,0
-158,0,0
-164,406,1
316,0,0
5,0,0
-171,0,0
366,-283,1
211,497,1
-11,0,0
856,989,1
766,-694,1
390,400,1
59,0,0
-380,-352,1
382,-162,1
253,-172,1
10,0,0
122,0,0
41,0,0
538,0,0
-491,-875,1
-398,609,1
-42,0,0
88,697,1
274,817,1
-432,-715,1
665,29,1
221,0,0
208,-216,1
-669,-33,1
-168,0,0
1262,565,1
23,0,0
-31,0,0
-83,0,0
234,1230,1
-205,0,0
59,0,0
5,0,0
-629,988,1
308,-567,1
215,-539,1
132,0,0
-768,320,1
46,0,0
-165,-300,1
681,-111,1
-78,1282,1
83,0,0
-203,0,0
211,0,0
-244,0,0
216,0,0
-122,0,0
-190,0,0
109,-596,1
-61,0,0
-122,-774,1
-49,0,0
23,0,0
-66,0,0
-217,657,1
-236,0,0
-1423,-634,1
114,0,0
-105,0,0
-365,0,0
-85,0,0
969,-1091,1
-913,340,1
-104,0,0
-155,0,0
36,-476,1
-830,696,1
-145,0,0
176,-329,1
616,782,1
447,572,1
3,0,0
835,694,1
-42,0,0
-200,0,0
-620,867,1
-120,-451,1
222,0,0
102,0,0
-104,0,0
-59,0,0
-468,0,0
-672,-912,1
72,0,0
-106,-87,1
82,0,0
65,0,0
494,374,1
-208,0,0
-388,-304,1
-51,0,0
-63,-1022,1
534,-631,1
176,-10,1
658,-723,1
-961,903,1
233,886,1
270,853,1
-302,0,0
-480,1143,1
153,0,0
-86,-850,1
98,0,0
269,394,1
251,0,0
-131,0,0
118,1227,1
203,0,0
-230,0,0
-241,0,0
-3,0,0
48,0,0
-134,0,0
-135,948,1
-109,0,0
-51,-306,1
-151,0,0
441,0,0
237,-912,1
-548,455,1
245,0,0
-14,0,0
-257,463,1
691,-57,1
50,0,0
98,0,0
-61,0,0
161,0,0
-233,-489,1
-1347,115,1
145,0,0
-46,0,0
142,0,0
1059,413,1
-107,0,0
305,-134,1
-178,70,1
-30,0,0
-1102,514,1
350,-704,1
158,0,0
113,0,0
234,0,0
118,0,0
32,0,0
-175,-642,1
287,0,0
54,0,0
1082,-1176,1
-1118,299,1
-113,-1238,1
598,-165,1
81,0,0
612,-282,1
19,0,0
-54,0,0
-4,623,1
-825,-565,1
111,0,0
405,117,1
-1372,-484,1
-85,0,0
195,0,0
324,0,0
344,0,0
-140,0,0
393,1205,1
230,0,0
85,0,0
123,-274,1
-150,-161,1
82,0,0
-205,0,0
86,0,0
-288,-303,1
-86,0,0
-343,-339,1
504,354,1
-424,-1357,1
-259,0,0
-286,0,0
-865,523,1
283,0,0
9,0,0
166,0,0
301,164,1
68,585,1
711,846,1
-171,0,0
-185,0,0
1052,-93,1
-169,-1017,1
-193,0,0
419,-10,1
-185,-291,1
-202,0,0
207,0,0
11,-946,1
928,356,1
-35,0,0
205,0,0
868,-1045,1
28,-463,1
157,0,0
77,0,0
-275,707,1
24,0,0
-529,-622,1
37,706,1
-467,239,1
287,0,0
-328,-603,1
115,0,0
257,0,0
-268,0,0
-159,0,0
-153,-90,1
267,-185,1
-99,-226,1
-172,0,0
646,290,1
-64,0,0
552,-161,1
-95,0,0
655,373,1
-329,0,0
-123,0,0
-137,-1522,1
-569,48,1
-217,0,0
231,0,0
197,0,0
-189,0,0
-367,0,0
30,0,0
98,0,0
533,1,1
287,0,0
162,0,0
109,0,0
850,793,1
55,0,0
344,136,1
118,-580,1
215,311,1
-611,-117,1
83,0,0
-1506,720,1
262,0,0
-12,0,0
278,0,0
1202,437,1
119,0,0
21,86,1
-68,0,0
-76,213,1
-278,65,1
-3,0,0
-524,402,1
542,-486,1
-424,229,1
-120,0,0
185,243,1
-122,0,0
-545,-166,1
2,-434,1
222,0,0
156,-166,1
-464,-413,1
467,-518,1
793,-439,1
-7,0,0
169,0,0
1281,532,1
114,0,0
-208,0,0
93,-179,1
824,-237,1
-391,-931,1
113,0,0
-263,858,1
142,278,1
447,0,0
39,1,1
393,-639,1
-141,0,0
82,0,0
-73,0,0
-64,0,0
-122,0,0
-70,0,0
29,0,0
28,0,0
154,0,0
136,0,0
46,368,1
-165,0,0
63,0,0
-95,0,0
57,686,1
323,0,0
-314,-124,1
1081,1110,1
125,0,0
-72,857,1
50,888,1
308,-299,1
-266,-312,1
-170,0,0
266,-449,1
62,0,0
219,0,0
-5,0,0
-68,0,0
-627,-677,1
-99,0,0
-97,550,1
479,0,0
77,512,1
282,886,1
347,-767,1
85,0,0
829,-257,1
-285,541,1
452,-1055,1
125,0,0
144,492,1
-281,789,1
-89,0,0
-233,-855,1
441,-297,1
136,0,0
594,-881,1
-270,0,0
95,0,0
-23,0,0
-100,0,0
-300,-59,1
805,334,1
93,0,0
124,0,0
-32,0,0
192,0,0
-30,0,0
-306,0,0
37,241,1
592,-355,1
25,0,0
-830,-497,1
294,395,1
-273,0,0
-511,28,1
-1,0,0
-28,0,0
124,0,0
-59,0,0
612,-396,1
33,0,0
369,907,1
107,0,0
-56,0,0
-224,1297,1
-76,0,0
43,868,1
-140,-1109,1
502,195,1
963,357,1
190,-652,1
-697,376,1
-144,0,0
775,486,1
14,373,1
-229,0,0
-251,-205,1
-1174,-59,1
193,0,0
46,0,0
2,0,0
-169,171,1
-451,-157,1
11,0,0
303,-92,1
35,0,0
537,270,1
339,6,1
-174,0,0
-678,139,1
230,0,0
210,0,0
947,-275,1
301,364,1
330,561,1
-142,0,0
39,0,0
-281,31,1
-116,0,0
90,0,0
758,88,1
-47,174,1
-265,-723,1
-337,-476,1
-119,0,0
-631,137,1
581,58,1
-69,0,0
321,861,1
81,0,0
-213,439,1
322,264,1
175,0,0
663,63,1
392,0,0
881,-517,1
120,-116,1
-162,0,0
937,440,1
-1186,2,1
-41,0,0
5,0,0
-558,959,1
-733,-38,1
769,-402,1
53,0,0
-511,-213,1
-28,-378,1
-101,0,0
247,0,0
211,0,0
-156,877,1
462,204,1
281,0,0
237,985,1
-133,0,0
-140,0,0
-87,0,0
-562,-951,1
42,0,0
63,0,0
874,-1010,1
217,0,0
85,0,0
-55,0,0
-615,-663,1
126,-78,1
1010,-642,1
132,0,0
105,0,0
499,-836,1
222,0,0
27,0,0
-30,-63,1
-614,-120,1
301,0,0
-384,-353,1
-86,0,0
213,-254,1
-87,0,0
-13,0,0
-287,0,0
-200,0,0
790,179,1
766,-224,1
-281,164,1
304,159,1
624,996,1
-104,54,1
55,0,0
423,201,1
-232,-92,1
211,134,1
-293,0,0
403,-794,1
61,413,1
181,0,0
-300,0,0
-639,-613,1
202,0,0
306,0,0
1481,832,1
1063,742,1
60,0,0
-123,0,0
-763,123,1
258,1016,1
-35,334,1
-327,0,0
-414,0,0
13,119,1
-620,738,1
6,0,0
-245,0,0
72,0,0
-136,-502,1
-161,0,0
-430,1587,1
-24,0,0
-336,-521,1
-366,299,1
209,103,1
-225,99,1
328,0,0
-686,454,1
-758,-483,1
-11,445,1
-70,41,1
-378,1308,1
944,685,1
-151,265,1
196,0,0
345,0,0
-197,357,1
-273,951,1
-73,0,0
-424,184,1
950,1187,1
186,0,0
-11,0,0
-305,-397,1
-473,-174,1
-7,0,0
100,0,0
-137,0,0
-523,-322,1
93,0,0
561,181,1
445,-1719,1
-567,316,1
68,0,0
-560,-831,1
-516,43,1
-500,960,1
920,-180,1
-32,0,0
-1037,-259,1
448,-991,1
-269,0,0
275,-1342,1
-70,-540,1
893,-245,1
254,-255,1
-9,0,0
-262,0,0
-76,0,0
111,-567,1
-620,294,1
244,0,0
-122,0,0
225,0,0
-392,-71,1
248,-364,1
-1027,-824,1
178,160,1
-270,-625,1
364,155,1
8,0,0
105,0,0
79,0,0
-139,0,0
676,-246,1
84,0,0
651,675,1
33,294,1
1311,-569,1
-17,0,0
-95,0,0
-117,0,0
-276,403,1
595,26,1
246,0,0
-43,0,0
168,0,0
154,0,0
549,202,1
-278,340,1
-418,409,1
-71,0,0
834,152,1
-80,0,0
422,-123,1
-1092,782,1
292,425,1
-22,0,0
38,0,0
-81,0,0
0,0,0
189,611,1
185,443,1
-900,381,1
-99,0,0
-1441,525,1
139,-27,1
-512,375,1
668,-560,1
-928,-49,1
-137,-34,1
98,0,0
-13,0,0
11,0,0
573,-110,1
214,0,0
303,-293,1
-466,394,1
-633,-152,1
305,-697,1
56,0,0
-14,252,1
-361,1248,1
468,96,1
-284,-573,1
-786,-847,1
-199,0,0
33,83,1
-518,808,1
-1287,235,1
822,-668,1
-359,267,1
280,0,0
11,0,0
1135,-187,1
-588,-77,1
-630,15,1
-952,564,1
398,0,0
64,0,0
141,0,0
-31,0,0
-59,0,0
10,-594,1
-57,0,0
419,-33,1
202,543,1
-139,0,0
-756,-46,1
383,36,1
-36,0,0
-114,255,1
-346,239,1
-385,-260,1
-57,592,1
183,-324,1
158,43,1
-167,0,0
-229,0,0
630,-38,1
-47,0,0
275,0,0
45,0,0
-31,0,0
-14,290,1
157,-302,1
-176,522,1
28,0,0
-72,0,0
72,0,0
-236,178,1
-883,685,1
-1502,-495,1
-178,474,1
551,374,1
698,1004,1
635,-446,1
-1062,44,1
272,977,1
100,717,1
465,23,1
356,306,1
0,102,1
162,-582,1
270,0,0
806,123,1
662,1054,1
-10,-88,1
-485,802,1
226,0,0
-183,-722,1
1033,-22,1
-650,682,1
20,0,0
803,-287,1
-75,-1102,1
382,289,1
96,330,1
-410,0,0
-112,1003,1
1032,-573,1
-820,895,1
-698,-848,1
1537,-174,1
130,-146,1
-72,0,0
50,0,0
121,283,1
-33,0,0
-299,-154,1
181,-126,1
-48,0,0
-583,-54,1
14,0,0
603,1099,1
-34,0,0
-329,62,1
30,0,0
-47,0,0
-62,0,0
-307,-148,1
241,-379,1
508,323,1
-474,-409,1
277,-693,1
140,0,0
7,0,0
-195,0,0
792,490,1
-136,0,0
-513,-201,1
-173,-804,1
-23,0,0
-241,0,0
-236,-204,1
-166,-1147,1
694,240,1
114,0,0
287,-77,1
242,277,1
727,404,1
64,0,0
-141,366,1
1015,-321,1
258,0,0
263,-254,1
165,0,0
8,0,0
439,-38,1
-602,-339,1
-129,-518,1
-612,704,1
-172,0,0
8,391,1
497,483,1
-79,0,0
-226,-656,1
-91,0,0
1205,826,1
264,-305,1
-84,312,1
133,0,0
364,-429,1
-93,74,1
-285,286,1
-868,-40,1
-1174,250,1
-705,-427,1
775,399,1
-17,162,1
549,-112,1
57,0,0
38,2,1
133,-428,1
-379,90,1
633,-183,1
-112,0,0
-168,0,0
-351,658,1
304,256,1
17,0,0
-1012,-112,1
-69,0,0
-190,950,1
269,-101,1
529,236,1
1287,-287,1
-619,-771,1
-562,236,1
285,0,0
111,383,1
127,-372,1
-213,287,1
-219,0,0
-57,0,0
-243,0,0
-546,317,1
259,-1399,1
96,836,1
278,0,0
676,555,1
266,0,0
1126,440,1
-36,-223,1
169,466,1
-384,389,1
-21,0,0
747,-415,1
-28,286,1
-101,77,1
-253,0,0
194,0,0
30,-933,1
77,0,0
433,-447,1
-431,51,1
236,-430,1
319,1463,1
-80,0,0
-181,-17,1
-609,36,1
-878,-331,1
626,-293,1
0,0,0
41,0,0
145,0,0
-123,-37,1
135,0,0
842,1004,1
-422,227,1
-120,0,0
13,0,0
475,-76,1
-127,0,0
194,670,1
-187,241,1
83,0,0
-272,-25,1
123,0,0
-716,467,1
501,1000,1
544,-111,1
133,260,1
-192,-50,1
228,0,0
84,287,1
27,0,0
-306,-962,1
1069,-238,1
-87,550,1
-232,0,0
-565,-218,1
-10,0,0
665,-51,1
205,0,0
87,0,0
-491,799,1
-86,-561,1
-508,283,1
-160,-98,1
-669,-119,1
126,-118,1
-256,236,1
-313,-147,1
157,318,1
237,0,0
-1021,705,1
-308,-82,1
-327,0,0
125,0,0
19,0,0
-6,0,0
-336,278,1
745,-853,1
-299,0,0
-68,0,0
322,100,1
22,0,0
163,177,1
-15,-1271,1
-312,164,1
-305,393,1
-1,0,0
13,0,0
-188,0,0
-109,-118,1
-28,0,0
-82,0,0
365,-468,1
-1132,-806,1
342,-134,1
21,0,0
-142,0,0
778,-462,1
-485,30,1
259,214,1
-1543,56,1
99,0,0
177,0,0
-18,0,0
703,666,1
-135,0,0
-207,-648,1
-306,0,0
-114,0,0
-98,492,1
-541,-183,1
-81,0,0
131,0,0
-162,0,0
38,-380,1
-65,0,0
-168,-1285,1
-298,375,1
202,0,0
-24,0,0
351,-202,1
167,0,0
-569,320,1
1168,-351,1
-165,-334,1
-134,0,0
622,590,1
-22,405,1
430,16,1
58,0,0
-170,-445,1
-152,806,1
-104,-297,1
528,194,1
524,-125,1
778,-642,1
235,808,1
-1105,-47,1
-232,0,0
-296,1087,1
-771,-987,1
350,855,1
593,1278,1
-622,415,1
-34,0,0
134,-10,1
143,0,0
-7,0,0
-340,451,1
-262,470,1
426,0,0
-58,0,0
-1093,297,1
-242,-523,1
302,0,0
-297,-599,1
65,0,0
-974,-506,1
432,-554,1
-480,458,1
-28,356,1
173,0,0
-200,-415,1
-245,0,0
-540,916,1
53,0,0
957,1486,1
-669,-191,1
854,41,1
-417,792,1
329,17,1
197,-130,1
67,0,0
-40,0,0
699,644,1
-125,0,0
68,0,0
-980,-239,1
22,0,0
-296,623,1
-1,0,0
191,0,0
-158,158,1
-84,0,0
-722,-610,1
1421,-384,1
701,437,1
644,-551,1
-228,231,1
-117,0,0
-223,413,1
155,0,0
-251,0,0
29,0,0
431,-680,1
-181,0,0
-52,0,0
369,-382,1
-972,-525,1
-103,0,0
562,262,1
50,287,1
169,0,0
-134,0,0
-157,0,0
195,327,1
76,0,0
-47,0,0
-211,-30,1
-101,211,1
-163,-830,1
335,602,1
167,-1151,1
67,699,1
-23,-607,1
-945,1114,1
116,0,0
978,-222,1
-756,631,1
-125,0,0
-361,66,1
-11,-722,1
475,-727,1
-289,0,0
-382,-178,1
-491,424,1
980,-74,1
97,554,1
-264,-9,1
455,-33,1
352,-313,1
-541,544,1
256,52,1
551,-20,1
158,0,0
-222,-201,1
-33,0,0
342,0,0
864,-345,1
547,385,1
-589,176,1
-478,-79,1
211,-664,1
295,211,1
39,834,1
-175,0,0
834,-670,1
381,-27,1
-38,0,0
91,0,0
-672,-355,1
184,0,0
-61,0,0
-398,0,0
-217,0,0
-445,-134,1
-383,0,0
-242,-209,1
-155,0,0
481,811,1
-642,-798,1
-65,0,0
-314,-54,1
320,1088,1
509,-538,1
482,-196,1
141,0,0
559,191,1
-641,-116,1
-536,689,1
-119,490,1
-100,0,0
-498,295,1
36,0,0
290,0,0
-10,-937,1
1088,158,1
-206,-530,1
-202,0,0
-217,562,1
875,-646,1
-99,0,0
32,0,0
-710,103,1
629,-242,1
-414,-393,1
806,572,1
98,0,0
73,0,0
147,0,0
-176,0,0
-86,-346,1
151,0,0
368,-802,1
102,0,0
-18,251,1
-92,0,0
-363,-408,1
766,50,1
-428,-68,1
-149,0,0
126,0,0
13,0,0
504,60,1
-395,595,1
-23,0,0
-206,0,0
104,0,0
348,0,0
-303,-1159,1
-90,0,0
295,0,0
340,-114,1
76,0,0
-100,0,0
-32,0,0
157,0,0
-385,684,1
-207,0,0
-212,842,1
-102,73,1
-237,0,0
637,-181,1
296,748,1
807,103,1
252,0,0
-852,-1048,1
352,393,1
2,0,0
-1080,-139,1
-25,0,0
-439,-270,1
-148,0,0
-67,0,0
715,-10,1
-263,-470,1
-131,0,0
196,-699,1
-87,774,1
1157,-26,1
130,0,0
-296,0,0
576,167,1
114,249,1
261,0,0
141,-81,1
-35,0,0
181,0,0
-30,0,0
149,913,1
-352,578,1
-868,-140,1
85,330,1
74,368,1
-309,-118,1
29,-47,1
49,0,0
245,308,1
1364,474,1
-544,-564,1
-225,0,0
-741,156,1
-167,-1147,1
-622,514,1
-332,535,1
672,-317,1
-639,-759,1
259,0,0
202,0,0
-401,-64,1
-1324,145,1
-78,0,0
-83,0,0
-100,0,0
1091,-888,1
-192,0,0
-48,0,0
87,0,0
-38,-36,1
144,0,0
281,-367,1
355,0,0
-244,-547,1
-517,176,1
199,0,0
429,352,1
-235,0,0
-123,0,0
283,162,1
645,225,1
-83,0,0
-566,-923,1
508,-1106,1
-28,156,1
-592,-249,1
75,0,0
52,0,0
114,-6,1
217,0,0
864,-80,1
-1012,-127,1
-202,0,0
-510,575,1
-169,-706,1
-828,-2,1
108,0,0
267,-1348,1
-185,904,1
-146,0,0
591,499,1
26,-86,1
-285,-218,1
409,-228,1
891,1248,1
-578,636,1
-172,340,1
-227,0,0
81,-247,1
319,0,0
1059,526,1
448,-209,1
-121,-172,1
-778,-95,1
-114,0,0
66,0,0
832,237,1
947,735,1
-57,-358,1
-9,243,1
1,0,0
-1069,180,1
184,-679,1
476,-252,1
659,-848,1
-304,219,1
-164,-227,1
327,21,1
-254,-308,1
281,-287,1
-12,0,0
-40,0,0
367,218,1
-837,18,1
-154,0,0
749,-937,1
-333,-709,1
73,221,1
245,0,0
-337,-24,1
146,0,0
59,0,0
52,0,0
-61,0,0
-287,0,0
-310,457,1
-140,-112,1
35,553,1
141,0,0
-406,-300,1
-21,0,0
67,0,0
-371,-822,1
696,-425,1
-436,432,1
291,656,1
10,-532,1
858,181,1
-810,-95,1
160,0,0
-312,69,1
-450,-803,1
234,0,0
-408,-640,1
654,97,1
269,-545,1
-39,0,0
-361,263,1
-90,0,0
-106,0,0
206,0,0
-76,0,0
-246,0,0
-32,0,0
11,0,0
125,0,0
-115,0,0
-70,0,0
1,0,0
-138,0,0
335,-30,1
76,0,0
-1136,-156,1
21,0,0
-668,-393,1
365,-979,1
-716,-142,1
734,1380,1
-892,807,1
-346,220,1
80,0,0
-659,1336,1
-1200,53,1
-52,-402,1
209,0,0
-522,829,1
1059,31,1
-74,0,0
-435,0,0
307,359,1
-279,16,1
76,0,0
-275,-607,1
288,-429,1
-411,241,1
140,166,1
-1131,-774,1
-1385,-391,1
23,40,1
273,0,0
8,0,0
73,0,0
1528,276,1
211,-453,1
643,104,1
28,0,0
265,0,0
901,-641,1
860,543,1
105,0,0
443,-848,1
926,1419,1
578,-446,1
-115,43,1
-67,0,0
118,0,0
215,0,0
-112,-481,1
-617,1664,1
153,991,1
-30,0,0
49,0,0
1,91,1
358,320,1
-361,0,0
94,-300,1
-869,-1166,1
242,0,0
392,-79,1
399,-731,1
241,903,1
297,-1036,1
-136,-250,1
355,359,1
118,0,0
122,0,0
-244,-707,1
5,0,0
163,-462,1
-512,-138,1
318,0,0
61,0,0
243,-274,1
-904,-243,1
-115,0,0
-448,0,0
-391,0,0
329,-453,1
727,-383,1
185,0,0
-720,359,1
-309,0,0
16,0,0
-45,-608,1
202,0,0
203,0,0
-180,-274,1
458,870,1
-634,-144,1
613,1237,1
72,0,0
-148,251,1
325,440,1
-346,0,0
-59,1104,1
-109,-536,1
-800,283,1
-97,356,1
684,-1183,1
584,-84,1
532,-675,1
-190,185,1
75,0,0
-580,511,1
-402,-171,1
-7,0,0
922,17,1
